"Year","20","22","24","26","28","30","32","34","36","38","40","42","44","46","48","50","52","54","56","58","60","62","64","66","68","70","72","74","76","78","80","82","84","86","88","90","92","94","96","98","100","102","104","106","108","110","112","114","116","118","120","122","124","126","128","130","132","134","136","138","140","142","144","146","148","150"
1930,0.00109580465616261,0.00733971609061347,0.0383865707470633,0.142223731834698,0.373448732151639,0.695235740567693,0.918145925434625,0.861600064158598,0.580035358760177,0.298784114304979,0.170641222851948,0.210515370203381,0.392437799710448,0.705730455766272,1.13604541872988,1.64094294974908,2.16123312402222,2.66383162966382,3.18160706484887,3.81312008081512,4.67575033837999,5.84641711656094,7.334584108453,9.10176595245457,11.1033641263295,13.3165017315898,15.7352506621066,18.34432959864,21.0944033686216,23.8973706390195,26.640688924246,29.210607102995,31.5088456124124,33.4590914086694,35.0053840704889,36.1094320208012,36.7495865790267,36.9210917469071,36.636299677202,35.9219391947511,34.8155078223675,33.3613188284841,31.6070636395307,29.6027431755363,27.3997452282514,25.0511184679322,22.6110760814765,20.1344170441445,17.675131277757,15.2847321265625,13.0101318598142,10.8916132600863,8.96091924011453,7.2399890416857,5.74034180765164,4.46332375112558,3.40113690984197,2.5385079727408,1.85473028778004,1.32589843059564,0.926963536849118,0.633502723010986,0.423053226658715,0.275958209101697,0.175770514441807,0.264918783364697
1931,0.00119221123619395,0.00798545534207649,0.04176388378753,0.154737845659977,0.406315603058112,0.756467264120558,0.999231121797579,0.938630380104952,0.63531374886612,0.337920540864322,0.219740331116337,0.308431646748509,0.589607386232058,1.06162749231975,1.70623051564548,2.45769269218594,3.22284465778731,3.94674716672461,4.67376835910809,5.54844897711864,6.74587984554358,8.38248218104479,10.4742257693948,12.9641324461531,15.7837737160553,18.895137729825,22.2851869922523,25.9288489067169,29.7538969676038,33.634324243294,37.4109647170286,40.9247701588234,44.0405663723725,46.6559984659533,48.6986730391336,50.1216196187295,50.9011092534176,51.0364177302558,50.5496842708099,49.4818105012767,47.8872677183372,45.8285698527405,43.3716251458183,40.5844830752661,37.5363652730906,34.2983443793521,30.9429243866708,27.5434412782903,24.172275981177,20.8986362868073,17.7856710579962,14.8876868519893,12.2475103004673,9.89472685352106,7.84480395019628,6.09939765939115,4.64773274005228,3.46886307229301,2.53444727554294,1.81179178051988,1.26665230884026,0.865647087240305,0.578076952705203,0.377079292170527,0.240178678368695,0.361992835582038
1932,0.00236755883132762,0.0158579282460271,0.0829363772327348,0.307279878624138,0.806831530381285,1.50193661383313,1.9829388425538,1.85845412876813,1.24252321265527,0.613246687597475,0.283071315030041,0.255637534809914,0.440502782735221,0.790748605746833,1.28448842027107,1.8832614360533,2.53716296205564,3.22848258127701,4.01094342571902,5.00314592498848,6.33143786405773,8.06338334388709,10.1831526708995,12.622967538995,15.3186949305671,18.2438450101808,21.3990442613227,24.7728701791171,28.3057758442052,31.8826668955935,35.3530806499062,38.5646258875278,41.3876787278428,43.7254532795584,45.5119497939867,46.7074922667076,47.2960028939184,47.283937982748,46.6992920775179,45.5869770841448,44.0033232305884,42.0104695997214,39.6718375863726,37.0509920615577,34.2109829922151,31.215316565316,28.1279682723724,25.0132132595287,21.9343151878712,18.9517471890423,16.1207280208406,13.4887781144265,11.093352785076,8.96022894994035,7.10267065524349,5.52165646432667,4.20707886306448,3.13974615717254,2.29385871693279,1.63973561044731,1.14633003030354,0.783399394638472,0.523143279248022,0.34124177256477,0.217350106377124,0.327581941213722
1933,0.000684534581276587,0.00458504637058542,0.0239800912758826,0.0888508521926442,0.233329777329454,0.434539240764642,0.574648174511462,0.542583688750785,0.377375418614435,0.232037994460713,0.226649221428447,0.409870803236792,0.811377110675424,1.45233676511723,2.29949978039007,3.23187861577474,4.07448961728848,4.69715466725725,5.11319056653896,5.49857042237099,6.10954104046342,7.1597285323513,8.74466992567637,10.8491289725014,13.4036881560976,16.3330282857468,19.565132225086,23.0132430884765,26.5588104119635,30.0556566838939,33.3515640488015,36.3144565089489,38.8460472604435,40.8818391743924,42.3826838515842,43.3278038499072,43.7124018283829,43.5483958526809,42.8655026383624,41.7084228420061,40.1324054889799,38.1980204313588,35.9665637098541,33.4985112899394,30.8525736681668,28.0864563452042,25.2569740850004,22.4201561881077,19.630401515479,16.9392273549368,14.3933672259455,12.0328165764927,9.88887239701105,7.98277091622935,6.32496260995196,4.91529200510943,3.74402021183914,2.79355232193867,2.04058731624377,1.45849679484235,1.01952439245742,0.696686968193314,0.46521046676383,0.303439021865536,0.19326541175285,0.291268664536348
1934,0.00178117855652056,0.0119303505879837,0.0623953370273789,0.231175616003249,0.607006101301664,1.12997576809162,1.49195159005637,1.39870294380207,0.936686415353169,0.467320539429711,0.229588600756243,0.2339636718312,0.425904269904911,0.791609598372213,1.34705054666622,2.11064852807342,3.10994014425389,4.40929014360917,6.11783446592504,8.34612167491104,11.1241192656413,14.3407991511308,17.7659683419606,21.1576551157078,24.3907673504558,27.5233757073411,30.755890183144,34.313240781041,38.3188133386245,42.72754494782,47.3361452604108,51.849701552178,55.9591722215521,59.4010476714646,61.9877819002231,63.6162834186762,64.2618808817017,63.964035989408,62.8086119529584,60.9072314264439,58.380253700342,55.3447065512428,51.9075755934625,48.1657856716476,44.2075744167652,40.1158549734599,35.9699023389144,31.8464023331393,27.8187608536927,23.9556870119992,20.3188126368446,16.9602286176138,13.9199898943816,11.2244056248553,8.8851541011923,6.8995903053481,5.25217319830485,3.91683543665993,2.85992003643084,2.04342927481315,1.42802591091124,0.975627452757412,0.651362368578973,0.424802178369163,0.270535177085317,0.407659396408968
1935,0.00368024117066942,0.0246502874575987,0.128920123344947,0.477650300725785,1.25417912215452,2.33469822053638,3.08246101426945,2.88922147913522,1.9326378642737,0.956772697968993,0.448837751059519,0.416145433476222,0.717658678929677,1.27323007379373,2.02882233668088,2.88852475952842,3.72804133287171,4.48101003637846,5.22899551363477,6.22018029052909,7.79324451198159,10.2551373101558,13.7866114281594,18.4090376033278,23.9938214802588,30.282078080157,36.9056291621259,43.4273792428963,49.4140436598876,54.528549016305,58.600597454103,61.6446037382104,63.8089086508532,65.2866950555515,66.2293693705283,66.7001888884265,66.6772689062931,66.0911339539372,64.8733207582412,62.9912506838879,60.4635440742305,57.3562411862051,53.7675116746933,49.8118104604493,45.6055887621456,41.2594652741349,36.8739636392751,32.5389053980829,28.3336112145385,24.3274297083317,20.5793584821882,17.1371855037831,14.0360984267114,11.2976495743912,8.92924032943483,6.92459502751278,5.2652333194283,3.92280833003092,2.86196858438664,2.04351074266205,1.42727875435187,0.974661745640006,0.65046678714326,0.424083588963427,0.270007336401328,0.406701229355176
1936,0.000890779780904572,0.00596648804598452,0.0312051404623073,0.115621231601744,0.30363235298418,0.565474298786079,0.747839573677784,0.706275864037063,0.491822511868642,0.304210786001266,0.300945025127301,0.547379669495677,1.08459367098215,1.94184010271667,3.07495527109355,4.32142427429063,5.4439332687793,6.25953993506892,6.76797085275098,7.17481747572617,7.78349724469426,8.84102130831953,10.4561953951366,12.6333295652734,15.3664481202529,18.7037327106335,22.7317032513207,27.496957706692,32.9191906364617,38.7486764765731,44.5873888150412,49.9648105399012,54.435897932308,57.6696935224303,59.5034855389313,59.9538141978163,59.1851578280816,57.4512112592798,55.0286522810069,52.1616804478983,49.0313512146796,45.7508972809304,42.3796706502348,38.9467659002321,35.4720062612561,31.9805208555295,28.5080330250693,25.1000618719253,21.8072025472689,18.6798002778083,15.7631072690235,13.0939148554425,10.6983946739674,8.59124120143212,6.77568512165948,5.24434663591984,3.980745701796,2.96130769711897,2.15762263151742,1.53882443714646,1.07372204038167,0.732604034026518,0.488569821537997,0.31833612147653,0.202573887705368,0.304867740677302
1937,0.00169288124652579,0.0113389307309093,0.0593021671101103,0.219714770306027,0.576908548402229,1.07392142981413,1.41781093107515,1.32864318056262,0.887742055079514,0.436505778309371,0.197698737479625,0.173815096630464,0.302865672960543,0.561257436050899,0.956660370587174,1.50288919793203,2.22164551221499,3.1607984269996,4.39855109087245,6.01072221156205,8.01039461181614,10.3032603794751,12.702569206448,15.0070454642584,17.0970568883107,18.9901083737242,20.8230600533251,22.7799431269435,25.0095395054974,27.5751551121287,30.4457322523085,33.5151166511959,36.6242279944109,39.5780504083412,42.1602685749045,44.1556571673769,45.3817527747684,45.7212489400921,45.145473709804,43.7163017699333,41.5694592876595,38.8836896501667,35.8464026607047,32.6268728480891,29.3598407892527,26.1421736122798,23.0376150948657,20.0863247042022,17.3142434305103,14.7401883929393,12.3794334771472,10.2445843894839,8.34459910753989,6.68337488975913,5.25858865429547,4.06133132473294,3.07659307050689,2.28444072781103,1.66159366940602,1.18319193498891,0.824402701261509,0.561774589625902,0.374219227704266,0.243584581063276,0.154869166882878,0.232716062657893
1938,0.000878881956170799,0.00588678011962583,0.0307880018946533,0.11407318071707,0.299549145180296,0.557764100136722,0.737116903252467,0.693921668916687,0.47516009816951,0.269645619867755,0.216139256249162,0.352365485135491,0.687169312054691,1.22896141736069,1.94785346788842,2.74493646665107,3.48190951045948,4.06911522005315,4.5551945599418,5.14849730036559,6.14714942762839,7.82415798560454,10.3389154923022,13.7081301387865,17.8188683786792,22.451603842723,27.3020385355043,32.0154178399692,36.2453272305796,39.7285564807559,42.3442939069972,44.1320500914906,45.25357645366,45.9194436012068,46.3110119553944,46.5287208005297,46.5786864852101,46.3925215425103,45.8653449430698,44.8950764694364,43.4130362639557,41.4014777564353,38.8964920888909,35.9809818317348,32.7693085524975,29.3896999984839,25.9673601891975,22.6122027131138,19.4118350078638,16.429925139575,13.7081158210662,11.2697394268999,9.12375634020425,7.26814763924648,5.69239755158647,4.37934556057643,3.30671092468842,2.44855283758944,1.77675489447545,1.26258745957232,0.878113587793881,0.597392492893628,0.397354657274206,0.258295154669141,0.164021149020667,0.245905232332354
1939,0.00138804446134008,0.00929713949651844,0.0486238081409059,0.180152638423398,0.473038549828019,0.88061908303018,1.16287211835412,1.09085183510258,0.73292448149269,0.373140666056921,0.202504051618455,0.236586467183179,0.440896172508097,0.807656908997828,1.33947409504972,2.02357390540682,2.84242527782228,3.81195913925351,5.00779705079793,6.54350920228353,8.50532348063538,10.8948169217113,13.6354245744483,16.6486098319388,19.9459078308183,23.6656103641639,28.0170403579814,33.1592043565292,39.0766444398037,45.5178484611097,52.0211370545848,58.0155729531585,62.952873683835,66.4264637975325,68.2439311815452,68.4414193801317,67.2418783640604,64.976981142869,61.9992141464696,58.6082136626738,55.0107949472464,51.316474277264,47.5599796202643,43.7380836799159,39.8430172269673,35.8860640512581,31.9058700329126,27.9653928789177,24.1412483367773,20.5115319350184,17.1448489327551,14.0933529590772,11.3894199453147,9.04580633911301,7.05795308557509,5.40746961033184,4.06596749305116,2.99874496382324,2.16799427097586,1.53552733563197,1.06483155283524,0.722573783582683,0.479549215522654,0.311116871545496,0.197224233605747,0.294755700822324
1940,0.00146321502137379,0.00980063009035645,0.0512569985566012,0.1899081784464,0.498650617596558,0.928277159528295,1.22569568902301,1.14931431232263,0.770463386039121,0.386685814144768,0.195196040080843,0.204705595449848,0.366532879816041,0.655154116833464,1.0507223160426,1.51051211952819,1.97807770607069,2.4258744788359,2.89742066313787,3.51229129077597,4.42452875363502,5.76249437114272,7.58980174576296,9.90311858862922,12.6521185476727,15.7580751376252,19.1209994594805,22.6241182634541,26.1462651459303,29.5829283414016,32.861218766416,35.9379520865877,38.7749016068071,41.3074627342183,43.4255506309306,44.9820314343879,45.826691647086,45.8496994996849,45.0177179631321,43.3851656594689,41.0819982691845,38.2832839597707,35.1732332158068,31.9164607651995,28.6409384728167,25.4353309122787,22.3551230219295,19.4338370950045,16.6934439016786,14.1515172492645,11.8241884066882,9.72585505485939,7.86706964561656,6.25233786913206,4.87864470432528,3.73524077727297,2.80461926605806,2.06424992050736,1.48863955699236,1.05140267779993,0.726966887781359,0.491857337412246,0.32550560772228,0.210616292731708,0.133187390650391,0.198141775923723
1941,0.00233493202978627,0.0156393995800579,0.0817935755814868,0.303046688825424,0.795722849602524,1.48129594845796,1.95587868090793,1.83389979869828,1.22903599330608,0.615709683963331,0.307781919364374,0.317545651304929,0.564612851134983,1.00401620558172,1.59734097272484,2.26486362323,2.89601676818086,3.41212144967603,3.82974224114564,4.26936364630939,4.89681753485518,5.84264377337357,7.16111623993495,8.85030920241373,10.902804778954,13.3389350722653,16.196746124395,19.4905082996228,23.1677668783684,27.092427969576,31.0601019776587,34.8374009124286,38.2054142445833,40.9936092886229,43.0957798834301,44.469198661727,45.1206434688454,45.0870249852148,44.4179844792523,43.1654554730677,41.3824489613237,39.1287136018545,36.4768245703954,33.5159073420364,30.3485655328986,27.0831059931673,23.8234881889811,20.6605093849592,17.6663145221903,14.8930050012213,12.3741293307297,10.1277091964162,8.15949004987972,6.46565289175316,5.03479696931558,3.84947256104926,2.88750784791843,2.1234160078338,1.52988417441093,1.0793235078011,0.745249356975164,0.50340564616538,0.332530148003005,0.214725491984199,0.135496487202547,0.200599013674765
1942,0.00206108121053579,0.0138051716627532,0.072201083915194,0.267510726450487,0.702446342852578,1.3078431833828,1.72779087966888,1.62400911041613,1.10285106019118,0.597789691744518,0.415543888205641,0.614809114011954,1.18177112991894,2.11532858117745,3.36285778489189,4.75764274805299,6.05842510830148,7.0840976401762,7.84484297607865,8.55625424547898,9.51090353872536,10.9041580364644,12.7471697591646,14.9156526089846,17.2734562524855,19.7701150648288,22.4540087863458,25.4172286016452,28.7234186403472,32.3650532524532,36.2594190645028,40.2699738397574,44.2279901638518,47.9468083867391,51.231051079396,53.8906284198013,55.7615793037885,56.7279351314606,56.7385314116357,55.8091133798457,54.0136787870471,51.4674339136313,48.3076844573696,44.6799634237998,40.7274587955108,36.5867459927663,32.3845925697626,28.2362847804099,24.2429105802637,20.4888607813946,17.0392345878788,13.9386764554297,11.2113946740474,8.86286469255643,6.88261212856947,5.2476383260757,3.92604814977441,2.88051389363308,2.07129891881564,1.45887916244488,1.00590408403461,0.678621214840087,0.447739392366996,0.288777774930888,0.182000852958271,0.268582923934172
1943,0.00270652452534077,0.0181283380054999,0.0948107881942527,0.351277051817651,0.922373222019488,1.71712300228752,2.26755112900275,2.12737283773567,1.43026530122663,0.730938296557576,0.403298455855438,0.479311207342234,0.891301415092367,1.61702826096543,2.64141297829052,3.90135106687497,5.30773126599176,6.83035671583745,8.56567801937754,10.7081231434919,13.4219211951246,16.7053966450017,20.3580338243606,24.0778579771386,27.6143178166919,30.8692856414191,33.8881583439811,36.7724102893258,39.5855402669153,42.3147799142312,44.8938168021816,47.2549343474458,49.3628281528775,51.2140085753801,52.809789300343,54.127905436555,55.1096688560644,55.6665893299653,55.7004107117774,55.1250079313537,53.8847626802926,51.9659439167343,49.3995826697345,46.2590738083129,42.6514928299084,38.7069769417281,34.5658741503887,30.3674632509657,26.2402813739065,22.2952031844173,18.6210710192838,15.2826953896612,12.3206823595842,9.75299763076321,7.57761517382809,5.77610459971488,4.31776690217802,3.16385538036474,2.27150422672814,1.59719507684152,1.09940296741079,0.740489770158892,0.487819094160498,0.314193586802406,0.197771433940284,0.291132489617826
1944,0.0016909234841886,0.0113258449209435,0.0592341799880515,0.219467149739787,0.576289284818634,1.07295153722907,1.4174396046681,1.33214854249291,0.904114025978075,0.488466327644386,0.335984435662873,0.493925094180031,0.951388839300246,1.71231776498321,2.74754286032999,3.94856742055135,5.16338367639674,6.30712754305095,7.46685522239259,8.9084519631394,10.9645111409009,13.880098235746,17.7219989854378,22.3904557926746,27.687814366132,33.3732642720383,39.1717847441166,44.7640316825079,49.7991079323259,53.9501977167818,56.9881586769864,58.8369919606609,59.5759363988939,59.3944386887278,58.5244229518594,57.1823981928582,55.5362811299937,53.6965458117818,51.7222780380399,49.6310431818738,47.4106250492136,45.0312263504009,42.4584687914969,39.6677603512322,36.6549858358461,33.4431375199,30.0823435219037,26.6446279918939,23.2148868674201,19.8810414988193,16.724441080026,13.8127117668483,11.1951164853807,8.90080162726492,6.93937041228723,5.30331400018227,3.97154382229048,2.9134342681755,2.09282668301958,1.47161106897659,1.01259336811381,0.681567859756752,0.448609947192943,0.288649281622259,0.181498055288893,0.266545385673753
1945,0.00333540818140234,0.0223406061415276,0.116840800750202,0.432898468226675,1.13668880593571,2.11607928501812,2.79428788448356,2.62109674914936,1.76055808673596,0.894581933403347,0.48049045752349,0.551931331164053,1.0181924824259,1.84571790559041,3.01504805447477,4.45572263561478,6.07282048034257,7.84923367933241,9.93176464884381,12.6093742978578,16.17696961384,20.7847750372362,26.3936385557622,32.8639054856846,40.092424508103,48.0797555443188,56.8701809143928,66.4112569766006,76.4268213342882,86.3861985874718,95.5802566081365,103.269119198254,108.832485180274,111.880614104215,112.304504673338,110.27124133899,106.171312513548,100.533844243631,93.9289686501819,86.8754314223315,79.7769263373461,72.8944239676391,66.3530307333565,60.1751512337923,54.3222920209708,48.736092114979,43.3673788396784,38.193551477114,33.2230589795731,28.4910032531701,24.0493032338542,19.9548281668261,16.2582472026182,12.9957450131221,10.1841678696751,7.81984934649954,5.88049550233648,4.32911603907547,3.11887661953715,2.19822674891528,1.51527823837636,1.02125488467822,0.672789187696889,0.43312416970657,0.272408536865768,0.399938365528396
1946,0.0030180601172928,0.0202150166523443,0.105724213304402,0.391713005402062,1.02855861310271,1.91485955069937,2.52896045769938,2.37383732662963,1.60036202399298,0.831416828611388,0.49231543221013,0.631018617508836,1.18325006633471,2.12168306050971,3.39630520382603,4.86344400241948,6.32385296222167,7.65981980306586,8.96835432425702,10.575283399568,12.9032409584231,16.2879439960323,20.8726649752795,26.6281767708017,33.4400902789401,41.1727625208635,49.6659227899533,58.6933346968482,67.9359136710879,77.0024045767574,85.4803870163902,92.9893452646768,99.2020992025692,103.843382746179,106.684850829849,107.560506031979,106.401181392849,103.269721955151,98.378601803325,92.0705209226673,84.7720041787027,76.9304109527392,68.9527259993713,61.163906049242,53.7870087814496,46.9471363952426,40.6904333903653,35.0108151009757,29.8759427281473,25.2474245805355,21.0926266816188,17.388696561896,14.1208254097932,11.2775913532286,8.84573255779942,6.80623319161444,5.13236768763029,3.78989316107599,2.73877012184997,1.93587968280848,1.33785237156708,0.903620898879139,0.596317814831659,0.384382717121857,0.241956279401531,0.355260320107812
1947,0.00520506521981219,0.0348635705734344,0.182335204585057,0.67555346007771,1.77381705044361,3.30201253905314,4.35954071412398,4.08603912547826,2.7324876711067,1.35058946869401,0.628326153123667,0.57493888482034,0.991579592192363,1.7706997965886,2.85089056780807,4.12154549629529,5.43394742475652,6.70268215213051,8.00206888290845,9.56296244914247,11.6553388121809,14.4447574084385,17.9356921209242,22.0350934044428,26.6695726875766,31.8572660217367,37.6820617820097,44.1988146079908,51.3358621454415,58.8545970108443,66.376246853993,73.4551508091869,79.6558948768949,84.6122376181124,88.0589582954701,89.844639686151,89.93025960883,88.3782429941219,85.3360805059503,81.014508556525,75.6666533692002,69.5688951086607,63.0019685104506,56.2354491302167,49.5114967603618,43.0321791911338,36.9504055331127,31.3677841267903,26.3381752726787,21.8766667551077,17.9704911048812,14.5897307240008,11.6957415937411,9.24669857064178,7.20039422042405,5.51516213635468,4.14991055242617,3.06401195961399,2.21749388051448,1.57169089037029,1.09012307465127,0.739453370615698,0.490278638254904,0.317599801202086,0.200936908461511,0.298488213815422
1948,0.00323539246733404,0.0216707493610035,0.113338282695578,0.419929259064357,1.10269059254545,2.05311797800061,2.7127892394299,2.55160475980082,1.73916674553377,0.962365684213568,0.715523253948994,1.1109583910902,2.14948775623813,3.83999897815456,6.07913425558161,8.54269953652358,10.7633709379308,12.3859329293073,13.4225719186939,14.2977975306626,15.6271198492381,17.894315622625,21.2626324655162,25.613477834602,30.7200151175973,36.3960095424052,42.5305428964076,49.035149035264,55.7783808692524,62.5665036891348,69.1687478123419,75.3587327716916,80.9325256547041,85.7017838642889,89.4770079832048,92.065997469158,93.2944959190431,93.0397575078219,91.2635797368455,88.0261742893953,83.4822803765902,77.8608860454238,71.4356941640387,64.4977355084344,57.3293157380813,50.1861424101374,43.2840144099221,36.7922907800607,30.831613171078,25.4763610478413,20.7598123995852,16.6815775986211,13.2156269506604,10.3182653878271,7.93503614941465,6.00622830580117,4.47096269029842,3.27002148782895,2.34767938282196,1.65295643463356,1.14033528422445,0.770186006440853,0.508896436793252,0.328738418613582,0.20749648652296,0.306791851304583
1949,0.00397275130843363,0.0266095547247058,0.139167572652959,0.515622448280579,1.35392164844455,2.52059779484475,3.32902430895288,3.12510936748436,2.10795082313886,1.0989218022346,0.661669076726082,0.868251515581626,1.65314428123411,3.01751308557549,4.96078615203854,7.39524688125793,10.192081351158,13.331305666135,17.0104177234611,21.5710777160592,27.249065354636,33.9309058634347,41.1282872230137,48.213426391296,54.7527903949122,60.7110146801343,66.3994928293741,72.2363359292999,78.480687185042,85.0960172598119,91.7782281487253,98.0935440959814,103.620914728232,108.03955601964,111.148621824292,112.848450067823,113.110596339194,111.953678115378,109.430183029979,105.61872103027,100.623911351948,94.5801638773656,87.6547111992265,80.0500809600449,71.9976165900422,63.7460685254947,55.5432397814182,47.6178554001119,40.1632078549023,33.3268268997637,27.2059489256679,21.8490415254029,17.2613971748169,13.4135955525563,10.2507890256554,7.70175799016498,5.68697897090895,4.12508983380129,2.93772399343033,2.05284131766239,1.40666270584205,0.944553978185305,0.621125686963071,0.399731946913542,0.25160966535317,0.371129022456106
1950,0.00822907754018067,0.0551184404406874,0.288267607912761,1.06803553247005,2.80437853018656,5.22050293653697,6.89280987814631,6.46185928045268,4.32669280729788,2.1555653530111,1.04749903021567,1.03593937388205,1.83078272938627,3.28395127175735,5.30832596987809,7.7269728133713,10.3122444774207,12.9874378916062,16.0170286264585,20.0051772964641,25.6643705019487,33.5046857801931,43.6471880364989,55.8354116403683,69.556710646125,84.1423413501156,98.7953116616256,112.609675260497,124.660695821843,134.184105265606,140.760074436182,144.409133878643,145.526154061297,144.697463218872,142.4897343102,139.307982845346,135.35827070146,130.694350535864,125.300741386481,119.160727492827,112.295459013381,104.772898599967,96.6996218173657,88.2119400097043,79.4661326512717,70.6332004134531,61.8916253216926,53.419244117692,45.3824246630823,37.9253123585627,31.1599443050952,25.1600107918626,19.9585919977613,15.5503896111638,11.8973523500798,8.93653906820356,6.58883311171368,4.76726404221412,3.38403300073544,2.35598162638388,1.60815885941623,1.07580600523191,0.705020859944606,0.452414229585274,0.284139395214271,0.418670523780849
1951,0.00412853920409625,0.0276530666357412,0.144625802247489,0.535851850167297,1.40708632559464,2.61984824477398,3.46146614044139,3.25518514163071,2.21651102291646,1.2197524607821,0.891389191302502,1.36828908516271,2.64525627055794,4.73378899276932,7.5173473562875,10.6191679474639,13.4991909544104,15.7677109690237,17.4969396694666,19.2735925620533,21.9272537832287,26.1397927800701,32.2231457924752,40.1713530312566,49.8586708226668,61.1763607627287,74.0004421267913,88.0448082075204,102.726421414257,117.150080688479,130.225620039285,140.873360088441,148.230339070155,151.801231290552,151.520985649139,147.732739822738,141.090517707758,132.416350197222,122.546611010671,112.201515413004,101.909001984046,91.9884079073174,82.5821028708665,73.7156274382894,65.3583279243536,57.4716057427655,50.0352151131816,43.0562091505997,36.5644094778771,30.6019604223287,25.2113332583227,20.4251017186753,16.2588113634454,12.7076228887588,9.74623462895957,7.33152890478575,5.40704064476749,3.9082526555893,2.76775996983132,1.91989557483673,1.30411659448029,0.867223559648392,0.564427595964059,0.359444100227399,0.223912213077573,0.323479684982443
1952,0.00364072183794592,0.0243856254967204,0.12753662117092,0.472530789745183,1.24078290668962,2.31003444639174,3.05126185441021,2.8657809535396,1.9382070461499,1.02656826547265,0.658214556352377,0.916963526932865,1.76507544402469,3.22187029417317,5.2892589446934,7.86869812939706,10.8162527192314,14.1088015947908,17.9687383063289,22.7958564333062,28.9083710321524,36.2842780225627,44.5253456956079,53.0907033149627,61.6319082507415,70.1932130785976,79.1473084037851,88.9352556057609,99.777040519225,111.511709919708,123.604673623223,135.276656978342,145.656833483186,153.912912971162,159.345480001987,161.466206194361,160.061375745862,155.226215116319,147.358207809504,137.091067607291,125.193727441272,112.452990401028,99.5694523636969,87.091977448789,75.3912300146793,64.6724403330552,55.0102122122737,46.3932978956132,38.76522999256,32.0545432470578,26.1916773334053,21.1150237439582,16.7696456415429,13.1029568471992,10.0603619301198,7.58267272001756,5.60575610974427,4.06212450219235,2.88358215851261,2.00433213943332,1.36362381388987,0.907736437028135,0.591068173942788,0.3763682253614,0.234303441356228,0.337329667859315
1953,0.00355776768610262,0.0238299758939881,0.124630215749826,0.461758935983801,1.21247291985232,2.2571801623377,2.98071059906206,2.79638198156388,1.8798066837938,0.959856719745984,0.527293642465579,0.622516980030473,1.15345502680672,2.08566651569941,3.39214397412384,4.98326485907282,6.74357389375479,8.65998364457158,10.9369272555985,13.9879128296113,18.283181239123,24.1526584787574,31.6746165685784,40.694051578508,50.9079979664294,61.928191839622,73.2869879337771,84.4328281585562,94.7735314099021,103.784584711,111.126351544773,116.707557296433,120.642466576672,123.133514411379,124.340346560805,124.303549313479,122.946929818573,120.140922493022,115.789476843015,109.89765155978,102.603875664399,94.1737475910046,84.9629708834281,75.369122050873,65.7801977570394,56.533791693508,47.8901164570243,40.0225202845101,33.0217084589444,26.9103357813973,21.661729184397,17.2181468867463,13.5056562641922,10.4444155984991,7.95470042733884,5.95987486159714,4.38765451743311,3.17066047343025,2.24684095818529,1.56004661368324,1.06055689756335,0.705500272367173,0.458992451431267,0.291926317207043,0.181443777635428,0.259579241891944
1954,0.00534259492158528,0.0357847499987134,0.187153010688212,0.693404146315073,1.82069290715277,3.38930216511477,4.4749296740137,4.19479555939817,2.80742134051299,1.39450152813576,0.666562716876215,0.639869995421038,1.11765421861323,1.99235638615319,3.1925620532974,4.58220373435852,5.97937033204447,7.2797986423336,8.57970603390178,10.1884636965445,12.5074692106985,15.8654221975348,20.431080405296,26.2428559193461,33.2919599301656,41.5649781108685,51.0020035534175,61.4063503827536,72.3745568922378,83.3019839463839,93.4641918307597,102.145479897562,108.761492076918,112.945998918701,114.585097365325,113.804046106338,110.912790427632,106.32719397338,100.486516589999,93.7849862922621,86.5358164772008,78.9681966150928,71.2473179515805,63.506055063165,55.8689048001104,48.4645889353673,41.4235146299859,34.8672779140154,28.8951558262451,23.574447446137,18.9360240703664,14.976121174647,11.6621895952993,8.94100686160511,6.74694399542787,5.00910289109697,3.65677513438669,2.62316486435727,1.84760935626992,1.27675577404833,0.864919732721346,0.573965485487389,0.372849709113871,0.236943881408505,0.147223181528737,0.210646574215986
1955,0.00315492357751635,0.0211317573467314,0.110519196828602,0.409482843590484,1.07524903659052,2.00196284128396,2.64489338536945,2.48645337403665,1.69007982953656,0.920837179415083,0.651244783073906,0.975717364596067,1.8776643005833,3.35590058739223,5.32086468261518,7.49592775087356,9.48255712594244,10.9802637601163,12.0053811650012,12.9263896644493,14.2702855329902,16.4474639023797,19.6018168544424,23.6640543873438,28.5184037975787,34.1323287776857,40.563960847477,47.872835635777,56.0110475901475,64.7643687121976,73.7573331431918,82.5059724406054,90.480759325237,97.166209402522,102.112565741649,104.985726219477,105.60953268646,103.98878624132,100.307135087757,94.8908858863455,88.1549192644696,80.5409152807498,72.4629985358194,64.2735851400958,56.2472962788997,48.5838277030688,41.4189661514174,34.8402165891029,28.8997730776867,23.6237892291516,19.0172977116114,15.0667494750426,11.7416115257412,8.99666794017213,6.77523789228423,5.01323428289629,3.64359400394646,2.60028694974533,1.82151625784812,1.25194917350852,0.843882191553149,0.557568116823357,0.360913446139171,0.228749455506967,0.141883263017421,0.202982283499579
1956,0.00219361827709203,0.0146929228632602,0.0768442905921559,0.28471671225546,0.747645306267118,1.3921056184852,1.8396547917703,1.73147762030189,1.1843601058444,0.6686796025935,0.530013657753276,0.864675735783771,1.70743275702094,3.11687977316849,5.09957678764903,7.54555377067404,10.2896575899019,13.2767355195353,16.6876608315586,20.8791050929514,26.1355228518415,32.4150061195178,39.3036858499626,46.2286602074634,52.7760023305455,58.8944505836293,64.8631228163967,71.0830987506586,77.8408254986643,85.1808438059831,92.9147141491492,100.71573402237,108.208754436635,115.016651220263,120.766462552721,125.091659761614,127.65340107863,128.181769597982,126.524317676945,122.677695809673,116.796371204922,109.175511644241,100.211651546997,90.3562521530622,80.065704660513,69.7601872682377,59.7937227550834,50.4389848950538,41.8844680464692,34.2415978025284,27.556931362493,21.826053047986,17.0068817886116,13.0311369179425,9.81374529208989,7.26052066718352,5.27443680349539,3.7607094889731,2.63069933716284,1.8047489870929,1.21380984354374,0.80005130940359,0.516611856817407,0.3266872777631,0.202235400774811,0.28884253123888
1957,0.00464577678906809,0.0311174468453963,0.162743039767165,0.602963633905163,1.58321120332684,2.94716475345093,3.89090122033592,3.64618981066264,2.43615490969604,1.1974399594956,0.540395079613996,0.468765650652387,0.804244168356475,1.46383128786354,2.43441003760221,3.70126234395276,5.26128591952539,7.2009866494081,9.75739717060261,13.2869224851746,18.1368418066244,24.4987188762531,32.3392814233287,41.434041173191,51.4454206020612,61.9706932920329,72.5358287809093,82.5853198389813,91.5271175661365,98.8502362686781,104.25743778623,107.744421898349,109.566156818701,110.115137781904,109.770682563938,108.789530968808,107.268130721346,105.168835358916,102.381061561931,98.7829607344926,94.2899322828883,88.8835879362891,82.6220212199498,75.639456847808,68.1321173243267,60.3382909032324,52.5119410274171,44.8972220888443,37.7060464157358,31.1034130075109,25.2001589485647,20.0534850004387,15.6727518932895,12.028802606487,9.06454624156767,6.70521697831604,4.8673779610033,3.46616532730552,2.42056255232161,1.65704958128226,1.11159243975557,0.73044428200216,0.470010579036693,0.296047535453356,0.182476486856809,0.257813917314194
1958,0.00337438139254193,0.0226017051000995,0.118207260715098,0.43796993872878,1.15006822444254,2.14135886018295,2.82951960711892,2.66198125491183,1.81650751637289,1.01162235979319,0.767121923510469,1.20683000756308,2.33917812762798,4.17765835755295,6.6101940544184,9.28562022757996,11.7064046102756,13.5206483194614,14.8210386229974,16.2179057666655,18.6160239997847,22.8610393619661,29.4995395131937,38.7515025683631,50.6052488672033,64.8845796254446,81.2192099418294,98.9686296685886,117.190562177418,134.714896326662,150.304629926729,162.857195864676,171.573121242149,176.060740522883,176.36117244905,172.90495046482,166.40690634784,157.722741826971,147.69776488071,137.038638250062,126.242240728947,115.587440055019,105.178245992782,95.0173859929444,85.0772630828385,75.3542904611094,65.893029700573,56.7871540273657,48.1623795998521,40.1527488861378,32.8771838764758,26.4222265240057,20.8323893317394,16.108643567024,12.2129645261847,9.07689247619003,6.61192382451187,4.71971333558444,3.30075914178965,2.26116089874707,1.5169364402394,0.99634966617278,0.640544783010312,0.402959836013437,0.24798588050569,0.348698688704255
1959,0.00282935473928709,0.0189510699266699,0.099113890979707,0.367222413683702,0.964258231644211,1.79519320384976,2.37112315929208,2.22656823595684,1.50437143235556,0.792102334551073,0.496554003900216,0.678128555063398,1.30229138064399,2.38180438602997,3.92346815241901,5.86583595863584,8.11772669202182,10.6760921137032,13.7105463583901,17.5061158505025,22.271729555476,27.9619841852055,34.2783799056962,40.8779252320782,47.6485660537288,54.8570290691494,63.0603403583672,72.836662576563,84.4806658485921,97.8148258135509,112.172336217987,126.529832698333,139.708020789769,150.577293586786,158.225051847325,162.073886156395,161.939536794984,158.024154508295,150.854583970879,141.170317496526,129.797792099349,117.53121837753,105.042808486454,92.8377483458928,81.2469860786531,70.4529548766974,60.5301171671489,51.4889637394907,43.3114987842316,35.9741334946825,29.4568357418156,23.7425646369152,18.8114265768642,14.6341160399943,11.1674392289675,8.35334571920976,6.12120294102449,4.39227288639613,3.08507258175293,2.12052306685795,1.42599902500749,0.937995375567055,0.603394267504741,0.379521523755993,0.233357045331913,0.326598541500366
1960,0.00632737569467356,0.0423808176911054,0.221650174294305,0.821216146193872,2.15628994745962,4.0140140293313,5.29965797250645,4.96753816548439,3.32330971446857,1.64685301601412,0.777504247799336,0.731926420808915,1.27670178911838,2.29232707587661,3.71928172298574,5.4469469641669,7.33819543670758,9.36834924511115,11.7547522288016,14.9513791823517,19.4834551835463,25.7288686627596,33.7893446778757,43.5026937955516,54.5331787699791,66.4476027593061,78.7412390820667,90.8581494103725,102.257359173321,112.530038504983,121.498808900636,129.234925698714,135.950061973821,141.819859291938,146.824527835798,150.689951894256,152.950500323429,153.09477237141,150.732213761243,145.711365250081,138.165374609817,128.483486834116,117.228587519264,105.039025286259,92.5340882387453,80.2461694018258,68.5827136767312,57.8185149497982,48.1086615679611,39.5138171363551,32.0282072855903,25.60392304579,20.1690507273722,15.6391268267572,11.9234724461272,8.92853261015889,6.55998592385011,4.7247767255162,3.33332545769816,2.30203630726742,1.55544219070091,1.02781287701413,0.6639551473388,0.41918119341482,0.258580272402024,0.363670659504784
1961,0.00449087429939494,0.0300799672717732,0.157318020337173,0.582872983547619,1.53052448864189,2.84947599898794,3.76386001550278,3.53531338202677,2.39182341524959,1.26868800626458,0.815518643371673,1.12962768154904,2.14313067244432,3.82457806502776,6.06159887093391,8.5370309149346,10.7999781845099,12.5204924404795,13.7469289580697,14.9554851228794,16.8358926774777,19.9756644136186,24.6733199002753,30.9680487021916,38.788008774213,48.0563847065066,58.6719438611778,70.4052021963496,82.8055900308407,95.1982858402642,106.776828021094,116.755627754828,124.514919508255,129.697294419602,132.234121607517,132.310056704801,130.279349252525,126.562219695928,121.550090744663,115.543263992337,108.736494036014,101.246680661,93.1612175372565,84.5884822032409,75.6852842296368,66.6601210104042,57.7523837069972,49.201707982638,41.2171680064048,33.9564743805383,27.5166579254888,21.9361218770051,17.2037347904972,13.2714660210869,10.0671192824031,7.50529800711303,5.49588257298631,3.95011529369793,2.78459110452334,1.92386103042117,1.30179250483832,0.862152947519426,0.558534413571503,0.353768036661761,0.218977404709407,0.310233048029692
1962,0.00501380200837543,0.0335825510355352,0.175636586155203,0.650745153646415,1.70875065764865,3.18132388295948,4.20236151042717,3.94790460280039,2.67365991273208,1.42697998485351,0.940509866366148,1.33823610553092,2.57300782425565,4.65888757452354,7.54948447927974,11.0092819762421,14.6943604153064,18.4127407392636,22.3450134668821,26.994912236958,32.8509123858293,40.012378523128,48.0917639480337,56.4753976092562,64.7388480171753,72.9161394739784,81.4527380200217,90.9146471095673,101.648554251356,113.582504212645,126.219434155229,138.775662074648,150.354799590206,160.096215918778,167.276976901701,171.385175129268,172.169666566193,169.658545969686,164.14218562881,156.107245129787,146.149040596256,134.878096090664,122.845456081136,110.504750481302,98.203280245769,86.2004634566132,74.6920763557828,63.8343945570114,53.7573431119319,44.5680867692352,36.3464263766912,29.1385795722417,22.9524030499168,17.7575130876761,13.4899103711793,10.0601133711694,7.36303786099348,5.28750459857842,3.72425517293767,2.57191476773381,1.74066179339339,1.15400712463564,0.749077946975808,0.475835877011001,0.295658165191566,0.423965741295721
1963,0.0136374291792409,0.0913436027636406,0.477723516747229,1.76996774740099,4.64743348153704,8.65125342174731,11.4215712047646,10.7033323564142,7.15158137432501,3.51571533998182,1.58629508847985,1.36937006038715,2.32579088113948,4.17203929278064,6.78537560540489,9.97089197332897,13.4837262906619,17.2598731208501,21.6233629896169,27.2468915211657,34.8357061947166,44.7475382199111,56.8193726509896,70.4850397796633,85.03570878138,99.8090637844742,114.207225873237,127.62685502606,139.4378311898,149.086684230367,156.258871711948,160.991133135717,163.627443505398,164.646652919231,164.451387235806,163.230044256447,160.9397128917,157.390364351394,152.373646494707,145.770426510434,137.610204373799,128.076985819626,117.47420412911,106.17509830656,94.569520071193,83.0224004770144,71.8455929768418,61.2852191069467,51.5200705639539,42.6676306306192,34.7929651690692,27.9175046771022,22.0268126972285,17.0771098078066,13.0010768064187,9.71378971947303,7.11896591139405,5.11528166617205,3.60226541560095,2.4853294339343,1.67939963121289,1.11108891091545,0.719502458587672,0.455896040525077,0.282556665526472,0.403246746970962
1964,0.0102751776291551,0.0688233994944714,0.359946745019188,1.33363290497108,3.50194903239175,6.52014562116263,8.61412925442888,8.09826370032906,5.5050453511418,3.00089403389948,2.12514474365751,3.18466426035884,6.12085362296097,10.9158417940426,17.2473676637774,24.1628404884669,30.2966724308757,34.6075824260915,37.127523397001,39.1165651473779,42.4520835960655,48.7054255447914,58.5643739792696,71.8695145460058,88.0198957961556,106.322258753093,126.056586225436,146.344917935336,166.037048994177,183.770776894077,198.190670110624,208.225681379705,213.284483781228,213.320440068266,208.772091144776,200.434212896835,189.296350663927,176.381906030612,162.608400408353,148.686399630454,135.078434787172,122.017064547533,109.56580842632,97.7015670738233,86.3845867413818,75.6045984038325,65.3952326695574,55.8265352250602,46.9846276294826,38.9507578481476,31.7845675814587,25.5150012411631,20.1377871938575,15.6180887890589,11.8961390167651,8.89420858022771,6.52370859849209,4.69180378691815,3.30691512751794,2.28319209551,1.5435216075665,1.02132403135396,0.661213395434751,0.418704172424886,0.25925654062657,0.368811490550719
1965,0.0122978815940117,0.0823713947342752,0.430800773822337,1.59613358270282,4.1911015056355,7.80242095107874,10.3040862968143,9.66955807662368,6.50998630944273,3.355094518679,1.92275122336887,2.38954275016864,4.48785740390219,8.15041639542498,13.3150664261991,19.661459041273,26.7224350734317,34.2992807514601,42.7837973608356,52.9970903701525,65.5438085633251,80.1615286663027,95.6291211282349,110.360340392601,123.26784499957,134.303322030728,144.338145719692,154.539478027815,165.65304944214,177.598241165279,189.496561576115,200.020049472206,207.81007046455,211.80050882483,211.381925143223,206.442763162522,197.328155316637,184.747231229494,169.648875013754,153.07144946895,136.003104220406,119.270496146014,103.474920740385,88.9830321640322,75.9554699505971,64.4015449780836,54.2369110358098,45.3354658762263,37.565259000533,30.8085203028053,24.9677513694355,19.963023756773,15.7250565771704,12.1883120370331,9.28607923325255,6.94838991942591,5.10251450978936,3.67506406383386,2.59469936993668,1.79489670078143,1.21598246589649,0.806435037778292,0.523356559328778,0.332242990173749,0.206251390601809,0.295147316742239
1966,0.00855324764485332,0.0572898210782034,0.299625300971421,1.11012964585247,2.9150057330277,5.42702854184389,7.16841355976353,6.73262693253641,4.55320019216546,2.41007140100571,1.53863358684742,2.12462880971471,4.04959727532483,7.29149395339421,11.725210218982,16.9096472827438,22.2296300158252,27.3560504829118,32.6745100759547,39.2916664632856,48.5349668658608,61.2813879873872,77.5720362870214,96.6819115111198,117.448702497434,138.554623670485,158.620344999308,176.220690896405,189.989639103912,198.879453457368,202.44574734506,200.993855035826,195.45087314853,187.034293968344,176.87456247164,165.766426603224,154.118180863644,142.060633639392,129.621453186887,116.865452111156,103.962169881409,91.1791834972905,78.8300286981374,67.214611756758,56.570631479285,47.0487692262996,38.7091899665267,31.5347503831417,25.4522179486493,20.3554717007036,16.1253197376043,12.64358117148,9.80130775158187,7.50200781380183,5.661645473167,4.20709004854233,3.07424900604154,2.20656963826501,1.55412085911634,1.07317831362968,0.726049359714487,0.480950927023303,0.31178041524422,0.197703204061645,0.122580621157117,0.174788729254398
1967,0.011719037692268,0.078494278687546,0.410523336896126,1.52100301641863,3.99381127673122,7.43505214672499,9.81852555949212,9.21217319601786,6.19569751492148,3.17297051909955,1.7664888797682,2.11844239504158,3.9347094125207,7.10219609237231,11.5089811712284,16.7972387424772,22.4706664165721,28.3049310607596,34.7110027565529,42.687911271625,53.3190195520359,67.1765079378272,84.0914415371047,103.415768504938,124.49251568232,146.926769878781,170.456425724177,194.571511552659,218.184010298588,239.601316657623,256.818492391334,267.993108507105,271.87340308318,268.051300384067,256.996540929535,239.919876851649,218.517823976484,194.669993185464,170.147409407421,146.386838595321,124.374289295443,104.641192142207,87.3464765165348,72.4031703478242,59.5995984157356,48.6894093220762,39.4399715959933,31.6489748782,25.1412965457237,19.7605522078583,15.3617850478291,11.808303691535,8.97192491891716,6.73481606123,4.9913917421882,3.64931138351941,2.62948023529776,1.86525436337817,1.30118413004273,0.891675519400761,0.59965778681706,0.395390926380499,0.255398342846082,0.161496835105797,0.0999058148943795,0.141889958232513
1968,0.0101228593923472,0.0678030726323533,0.354608863023711,1.3138407757618,3.44987013897463,6.42254734411506,8.48203310014676,7.96072542025763,5.36311196193644,2.77463386219954,1.61432703075779,2.0312515300157,3.79655727338688,6.81182414689227,10.9193650770392,15.6676017451904,20.4242364921404,24.8010805982888,29.0583066036621,34.1229543757723,41.1456884741128,50.9122884482577,63.5361751457084,78.5807956713322,95.407486634901,113.431195580398,132.123229684184,150.855458494374,168.774599122277,184.841214159173,198.001104989799,207.39003342654,212.445660843732,212.917695368701,208.818773750994,200.388289036176,188.087357907886,172.602554877363,154.82575913668,135.776821540892,116.49228487472,97.9025895681205,80.7342070805209,65.4616988397696,52.3074624132682,41.2821695648548,32.2441436953851,24.9632650091732,19.1747213537456,14.6175547042428,11.0568707467558,8.29293885852025,6.16162848968756,4.53038765423647,3.29280926871302,2.3634377096593,1.67357977457012,1.16807561085115,0.802826461198998,0.542887455042101,0.360867775380071,0.235587718071087,0.150921031930019,0.094794230290943,0.0583325921075956,0.0822860041561554
1969,0.0152798024905861,0.102344271855445,0.535257255870935,1.98313679490339,5.2072004776576,9.6935356675174,12.7989533475586,11.9997733046529,8.03848188253599,4.01641221933141,1.98146072840914,2.00646515003936,3.56260318228859,6.37217100507334,10.23974829969,14.7536513640555,19.3476088884173,23.673136607826,27.9513164558688,32.9635941073981,39.6241802893839,48.4465764903423,59.3114927602278,71.6653524851583,84.926961141341,98.7645119250335,113.063887416918,127.682006544134,142.199613493306,155.854829047005,167.671019670794,176.691756478775,182.180971396707,183.728991979226,181.261979438149,175.002537745888,165.411031200666,153.12240509186,138.880132720515,123.46302617915,107.619018000321,92.0119817822974,77.1856844979345,63.5489192872087,51.3730352665492,40.8001981570451,31.8581516653182,24.4813781334396,18.535661353284,13.8443827993819,10.213037968344,7.44901295445958,5.37560395218244,3.83975247251343,2.7146969100265,1.89897512846374,1.31343584001879,0.89745792673364,0.60521151010086,0.402386058878958,0.263499359951978,0.169780857196444,0.107539063539479,0.0669008075264614,0.0408437002020701,0.0570240631750842
1970,0.00863595925355474,0.0578438852540456,0.302524035097895,1.1208789254328,2.94329872022655,5.4801009668855,7.24049236738924,6.80869487764108,4.63503105423305,2.54722795591851,1.85350888541019,2.8367140938328,5.48221130528304,9.81236989714072,15.5865283672084,22.0239943218316,27.9984145427039,32.675076731885,36.1357242783201,39.4595610220696,44.1308207300899,51.2087230431461,60.8686916973765,72.5467444190578,85.4283752826409,98.8498336590299,112.373218580198,125.619867968978,138.083387602829,149.097354641642,157.955631866145,164.090734570074,167.179175183343,167.145400334678,164.095862102996,158.253297364839,149.923991163544,139.494491551232,127.435030921711,114.280736897914,100.59492427201,86.9204391264217,73.7337126105708,61.4159681230023,50.2387773593426,40.3656171313877,31.8620211975837,24.7123698354749,18.8385235690876,14.1194129289637,10.4089435722728,7.55155002830105,5.39451419777662,3.79675530955999,2.63429989440719,1.80269250348574,1.21711553076894,0.810895778289669,0.533080908697243,0.345696912332921,0.221036838822083,0.139258207563581,0.0863843872308147,0.0527169479627058,0.0316224223010542,0.0427404453499362
1971,0.0162501488590317,0.108843682179646,0.569249342456368,2.10908165930811,5.53792525772018,10.3093574772959,13.6128420937041,12.766188335113,8.56424490766939,4.31851058751229,2.23537565188642,2.44397860075729,4.46118326327382,8.09612296847255,13.2665992119195,19.6892186231981,26.9682194407365,35.0012067473953,44.2912061608296,55.7732085267154,70.1538376515337,87.240489334585,105.819278841758,124.208455540524,141.081749162541,155.987384839049,169.251306650698,181.436547679192,192.762504969717,202.851443901112,210.864990594356,215.873145591834,217.188388204899,214.531527068236,208.020148793543,198.070671629294,185.287059017669,170.372526171899,154.064114072109,137.07379181122,120.041931268744,103.504307341225,87.8762366444167,73.4566934898459,60.4400437694559,48.9323646744012,38.9648331040636,30.5065923747232,23.475932730355,17.7524865428771,13.189823024533,9.62796454084276,6.90481159080654,4.86550506981007,3.36922251837378,2.29321057498901,1.53452163592018,1.00977610813218,0.653576073736086,0.41616391112353,0.260719994924572,0.160703059460971,0.0974455990973658,0.0581145593065947,0.0340749996800294,0.0439685494007241
1972,0.00919808187052652,0.0616089629464387,0.322214858470117,1.19382984806265,3.13482063876178,5.83646446019362,7.71019134457272,7.24555281724708,4.91489867255629,2.64720491080649,1.80042005952232,2.6198642080029,5.02692054531379,9.01429841214048,14.3820339062446,20.4785851191787,26.3832632042092,31.4977333036548,36.1209503886376,41.5150957080011,49.3375576875366,60.831085619353,76.3250609534988,95.2657824520348,116.56148576039,138.890239286859,160.802676351928,180.728707372711,197.070624553368,208.46348280301,214.086720095447,213.866849373152,208.428210573966,198.839753096379,186.28739242895,171.826135703012,156.275843214474,140.240154023629,124.181502176453,108.483189133721,93.4783671904379,79.4468973176484,66.5998063891652,55.0709393785756,44.9178803721694,36.1333409128865,28.6597829183451,22.404946292619,17.2546571012274,13.0833381816828,9.76175916831044,7.16287427078756,5.16616204291395,3.66075748421309,2.5476241595306,1.74076310522887,1.16762330231527,0.768742368142477,0.49677427267282,0.315100500074838,0.196191175760564,0.119917633254741,0.0719604851303274,0.0423971224711158,0.024525340381814,0.0306595910765591
1973,0.0125172674112273,0.0838407820407739,0.438484583036494,1.62459234853061,4.26575529714744,7.94097035551002,10.4849130660338,9.83013440659229,6.58480785854031,3.28957293676926,1.62283929747406,1.64793518461813,2.9433556996067,5.31086525169067,8.65027065060231,12.7263808070906,17.2195534851024,22.0083388754109,27.408955293159,34.1046027357219,42.7469756543875,53.5223400927768,66.0349956973519,79.5931003204215,93.6519663823135,108.067918129045,122.982357921137,138.451999505578,154.083641166984,168.909162721433,181.545580163493,190.546002968831,194.75950945407,193.582179371762,187.047884542594,175.782171393697,160.852537639142,143.564380694876,125.246658457695,107.067323792785,89.916499116123,74.3658897435536,60.694186159618,48.9551005386537,39.0557307227213,30.8255674451787,24.0645282972925,18.5717428983613,14.1589140046362,10.6553727767703,7.90895585641669,5.7853947982192,4.16744692474719,2.95394360687645,2.05883086210755,1.41006307435287,0.948413497453342,0.626144097064731,0.405577980917597,0.257656842228531,0.160491978073697,0.0979972399916875,0.0586482650623782,0.0343978676892507,0.0197701829062452,0.0241833242761274
1974,0.0150104701629906,0.100540346152796,0.525823852490306,1.94819601234208,5.11552839231118,9.52331579682603,12.5763570439964,11.8002079754777,7.93801909662601,4.06988755785538,2.27439974565543,2.72846023336004,5.03136828903945,8.97038784670738,14.2554890656617,20.1725071554383,25.7208161190248,30.1952263110437,33.7687334694635,37.5777743939074,43.1812531317979,51.7804865312631,63.7494372852707,78.692283295128,95.8131803820282,114.236839783056,133.092494949097,151.44766626498,168.270954328671,182.53415697759,193.395456775946,200.355156689801,203.270001799261,202.251327793193,197.526461305285,189.361592688381,178.071899780145,164.083082440688,147.987663982878,130.538226410059,112.582704722273,94.9593039123475,78.3903814963855,63.4100335206764,50.3336065504515,39.2702522932794,30.1625771194811,22.8398729836144,17.0697095256795,12.6002041525034,9.18902466631332,6.61973919423443,4.70849665580438,3.30427333903378,2.2858287829703,1.55733649245097,1.04398380346364,0.688024070241544,0.445417044803318,0.283059912543273,0.176469714979994,0.107871822117539,0.0646238178018051,0.0379276488109004,0.0218000224536949,0.0265559641335227
1975,0.0108412966577011,0.0726151943526655,0.379776464462917,1.40709055153236,3.69474440585909,6.87854230430764,9.08483640821957,8.52897000918859,5.75500742541618,3.00563394450222,1.81928834504931,2.38585174968837,4.49653207114791,8.07051980948098,12.9258570289797,18.5103578181755,24.0305268663435,28.9365272683542,33.3755474418339,38.1906669065461,44.3919903033165,52.4954091166074,62.246927277093,72.8993125736641,83.7601877848795,94.5755268673068,105.504994846605,116.787543991577,128.363596763114,139.700510115414,149.878450216378,157.853216259867,162.731957293662,163.961188636718,161.391855683142,155.252379606873,146.063751352285,134.530754420757,121.431704195216,107.520774499841,93.4608064442054,79.7892815231962,66.9112944634785,55.1122462502323,44.5743827588538,35.3923968039617,27.5851300552621,21.1069391690778,15.8600076444156,11.7095044686588,8.49998623958883,6.07078821341846,4.2687086774971,2.95654679000948,2.01758964590784,1.35662155270362,0.89862342971731,0.586160686936117,0.376296781315691,0.237592333103823,0.147439769183249,0.089859867768299,0.0537512578089911,0.0315362059765202,0.0181376354447339,0.0221735414177147
1976,0.0115381899935151,0.0772830207383059,0.404189527944578,1.49754592804849,3.93228985591182,7.32094493020929,9.6699466144953,9.08171239874817,6.14053624827221,3.24631811550308,2.06348964094142,2.84033142136027,5.41744482849851,9.77382786100767,15.7637605709088,22.8284596344587,30.1685885019259,37.3209595486348,44.6729829328539,53.4109237872499,64.8267303618538,79.4767787139723,96.8285605516796,115.597151665355,134.424854193597,152.378003464233,168.980311421262,183.925369027093,196.784944750559,206.960921867072,213.861841274033,217.144013085227,216.811030060443,213.14082935359,206.516193328978,197.292048423849,185.763729437094,172.220774093825,157.028159492765,140.665174133837,123.710966253785,106.783318964588,90.4616403480283,75.2266227222765,61.4237182786603,49.2566701148012,38.799929128157,30.0238121669186,22.8223675467925,17.0404829088788,12.4964742410246,9.00008123370089,6.36579063523222,4.42210075699642,3.01738429313347,2.02271041535431,1.33235606716519,0.862509307997828,0.548791404000331,0.34320776407299,0.210946297290377,0.127397070572294,0.0755758617579025,0.0440220108093761,0.0251662834616934,0.0305189675740801
1977,0.00611757121016222,0.0409756535171754,0.214303041413804,0.794012275828999,2.08498551332717,3.88202110857715,5.12908694921596,4.82335916296164,3.28418959810725,1.80755131438885,1.32410552815268,2.04532788655107,3.98867017229272,7.23147419004658,11.7229069769855,17.1136497200821,22.906088651531,28.8844449439339,35.4879008075688,43.7595533170871,54.8201919280003,69.2341050168734,86.7343139332834,106.448389366601,127.35966895433,148.616833544494,169.503238887239,189.205858567596,206.645847521592,220.558670314328,229.777871812684,233.563178097659,231.77213602582,224.832658477766,213.569801832253,199.003248652552,182.18422320511,164.094203244522,145.588929462162,127.364766140349,109.945891964048,93.6903998068976,78.8132109385035,65.42220958852,53.5520651952354,43.1902605702544,34.2905759140767,26.7793843803008,20.5578621309448,15.5054573357965,11.4855976539389,8.35330538189264,5.96348242364148,4.17828072626161,2.87267756236606,1.93782157517547,1.2824459021658,0.832604257984786,0.530271820835325,0.331297399164052,0.203050035448085,0.122083453146021,0.0720072930289006,0.0416626488442486,0.0236445788605426,0.0282439663309395
1978,0.00672601616144645,0.0450509430353394,0.235615321691327,0.872961790177009,2.29219348158205,4.2672023260702,5.63493035313009,5.28601522709384,3.55181484114057,1.80882884178117,0.982377857531679,1.14631314864061,2.1279356861558,3.87564675010401,6.37502430425732,9.52345531343324,13.1928197741308,17.4441827358792,22.7007782039437,29.6870994783176,39.1207577867542,51.3674090479244,66.3118090933493,83.5063076601854,102.426473636823,122.604484541234,143.541217275401,164.509085120471,184.429681297578,201.954962385507,215.711480673276,224.593929971783,227.95770741595,225.675254441494,218.0807113573,205.873063362457,190.010180583446,171.603568078112,151.810278151277,131.717780640414,112.247964485029,94.0934617517286,77.6976403139266,63.2775354369132,50.8701234283322,40.3883503352744,31.6709995362889,24.5220275655801,18.7364783018311,14.1161691126249,10.4774099349801,7.65415013778645,5.49870463084454,3.88145338290983,2.69028992921233,1.82989597147993,1.22089731716659,0.798742575186763,0.512265203972441,0.322005180512272,0.198361304958946,0.119740255479757,0.0708261341839152,0.0410496109510411,0.0233122828892029,0.0278030526013808
1979,0.00472609747656832,0.0316554958264576,0.165558016922174,0.61340262595877,1.61068972202414,2.99872266963044,3.96098960140929,3.72043794333744,2.5169772075569,1.33495679564745,0.858552166470629,1.19242894292422,2.27212582114641,4.08202259158299,6.54063864440073,9.38051180696214,12.2307152608104,14.8849863912333,17.5613438306328,20.9323961856241,25.8731411255647,33.1052666771531,42.9845856367128,55.52001618949,70.5124156320536,87.6429979945123,106.436360361803,126.166731255507,145.81974140058,164.179271854386,180.001970301028,192.2119993261,200.029014766792,203.02140818746,201.102671804681,194.511031487055,183.778514663122,169.682657951872,153.173860980652,135.272810921641,116.965344185814,99.1109988877637,82.3816283734315,67.239189469406,53.9425416734081,42.5767504214375,33.0918594090281,25.3451898780217,19.1395159072981,14.2547710698905,10.4713749971876,7.58518120984741,5.41564086842527,3.80870529468817,2.6364515720209,1.79482626874646,1.20069196360475,0.788706689296956,0.508359024703023,0.321318723366003,0.199064351136956,0.120826639170651,0.0718293614543645,0.0418122927005208,0.0238279574252006,0.0284945016011506
1980,0.00752920905278271,0.0504307082343885,0.263750818305126,0.97719947550686,2.56585980372172,4.77644425880104,6.30628964339839,5.9111016432515,3.95461797530715,1.95989051409672,0.925832224095462,0.872533152996843,1.52250554389663,2.73324001009915,4.43123679605612,6.47549603728522,8.67818679707603,10.9560835166552,13.4674416157858,16.5925685856945,20.742490711116,26.1387468535301,32.7414004969664,40.3713464601604,48.9106612627512,58.4142428424599,69.0460211379046,80.8934899842283,93.7804805711855,107.188276160771,120.306397407631,132.178420862415,141.865972466154,148.587881737397,151.812202564172,151.307514608227,147.153319702249,139.711891941419,129.569427836399,117.450475877494,104.129805096674,90.3527136309887,76.7731591627973,63.9177549770017,52.1685030064529,41.764082114378,32.8128085403924,25.3149345431007,19.1888678013902,14.2987037656822,10.4792355923023,7.55643821182555,5.36258926741664,3.74585687630522,2.57530538372694,1.74228974555576,1.1595177278149,0.758755164075421,0.487926887341537,0.308162289709339,0.191034184507834,0.116168387400139,0.069257271840518,0.0404595443469495,0.0231503912959094,0.0279203981254909
1981,0.00822491733263791,0.0550906275922058,0.288123003129019,1.06750786251341,2.80305156784323,5.21837905948845,6.8917270932889,6.46813726035331,4.35742418286591,2.2536503151563,1.30841048812229,1.63851252416628,3.04655781941125,5.42630917176532,8.59756713702824,12.1042217434441,15.3014412912303,17.7115097213268,19.3838911220489,20.9577350432449,23.3465597622252,27.2768564350758,33.0120605707797,40.3941874853436,49.0746553293126,58.7139324840356,69.0301001912302,79.7384093372973,90.4861668879164,100.8572877586,110.431030827641,118.847273568321,125.820264717496,131.108765351608,134.475456023948,135.680531722371,134.520040434492,130.889562321383,124.84485959886,116.62537725718,106.639567193776,95.4160652026714,83.5359091049669,71.5679559812296,60.0132844450867,49.2697962367205,39.6145611035842,31.2044409016057,24.0887180387788,18.2303780010298,13.530345026877,9.85133391921093,7.03862875584109,4.93637953436348,3.39908189484436,2.29840872181121,1.52635844234502,0.99555996224158,0.637729442709454,0.401148112097879,0.247729065450394,0.150149441482123,0.0892874822856215,0.0520722132203935,0.0297705091533533,0.0359537828377167
1982,0.00770687504457989,0.0516208151786297,0.269976683921779,1.00028200146856,2.62658140283181,4.89014947821409,6.45974532100181,6.06908025516893,4.11188070988521,2.1995380936144,1.46056843035253,2.08724828206982,4.00279202064383,7.20743296367357,11.575976687814,16.6474066112887,21.7507224362449,26.4302618833631,30.8314271369126,35.6767037137599,41.7773291891721,49.4457585449982,58.2786212652077,67.454825688512,76.2806195539815,84.5697457275247,92.6252083938115,100.912646461603,109.677341192185,118.742976143737,127.552530233712,135.375181228261,141.528036884588,145.521891968337,147.104907118189,146.239582727632,143.049425175794,137.763131136058,130.669305302404,122.081611909171,112.320965382061,101.710747221035,90.5772606179492,79.2525726997328,68.0669890756998,57.33456348768,47.3310566464842,38.2736019735689,30.3057827099493,23.4932808445138,17.8290176154014,13.2462298736882,9.63568962445289,6.86376321216932,4.78858467775072,3.27263182745123,2.19135240111022,1.43789923932002,0.924718079457183,0.582918234724573,0.360213280790326,0.218212726429973,0.129587472106382,0.0754364160516733,0.043041098291563,0.051815924738247
1983,0.0206822734995846,0.138530046582141,0.724507197091255,2.68430617727413,7.0482544862696,13.1205735631612,17.3228749461007,16.2369806721233,10.8615494758269,5.37911918085417,2.53140806263029,2.37057447577304,4.13251238240669,7.42962937537962,12.0760148437947,17.7169617216253,23.8828637768833,30.3908420647779,37.694692387074,46.7959956498101,58.6749815345766,73.6349608385512,91.0526608490547,109.678729576892,128.199111415133,145.634437911109,161.361219305916,174.891576380425,185.68141571999,193.161982921915,196.946152329304,197.044326248016,193.898460776739,188.225035099255,180.764799124141,172.087865910039,162.528767934711,152.239370292547,141.296835135126,129.791744500632,117.872349656713,105.742689106187,93.6357765421354,81.7870238083633,70.4127185139069,59.700511669391,49.8037756493617,40.8396506529998,32.8864132494083,25.9819294116914,20.1230872708102,15.2682615928941,11.3427717583895,8.24718652451722,5.86716602452909,4.08330992469835,2.7798645250067,1.85123159848154,1.20598474931798,0.768604420063316,0.479280691206001,0.292448430369172,0.174633729966414,0.102063203233344,0.0583855653837735,0.0703975378612239
1984,0.00564454824405367,0.0378074396985075,0.197734995598594,0.732642627826788,1.92395499290023,3.58290406444897,4.73738225940642,4.46982105622267,3.09717678455572,1.86929254952689,1.75242101817456,3.10967889461302,6.14132891189453,10.9950931907332,17.4204518202289,24.510722048268,30.9535449892242,35.7717938042389,39.0589622760864,42.1083108481361,46.7720319215829,54.5166463879334,65.8439571174914,80.3466066164331,97.1436987648518,115.260038277575,133.71891899334,151.444742286242,167.194897357721,179.670117776856,187.762171541612,190.814946891031,188.749023656243,182.024368945152,171.485136314294,158.175664358466,143.178891550145,127.498327481917,111.977234356292,97.2471840689367,83.7107293827097,71.5576532895205,60.8092390601782,51.3792627788233,43.1319648980152,35.9262515177601,29.6395612591141,24.1754900509751,19.4599887209902,15.4333119734511,12.0417653126225,9.23166442837444,6.94619919178624,5.12482565422724,3.70448207695487,2.6218218017823,1.81582085411461,1.23014936990872,0.814931911007684,0.527802937841581,0.334159134560426,0.206793705598849,0.125089410421855,0.0739637377739843,0.0427523433549653,0.0524264666281702
1985,0.00648879572197745,0.0434620435374966,0.227305545873559,0.84217507944141,2.21136393933244,4.11678268079135,5.43657267032596,5.10112732584713,3.43203904528727,1.76235200267893,0.996490716643194,1.22941801850001,2.33719889843219,4.34013320730684,7.33185433223508,11.3678666799732,16.5232774853196,23.0601024453422,31.4918249880952,42.3682848897464,55.8374099053317,71.3003084607043,87.4875656290316,102.986567131115,116.895795781843,129.178662779826,140.48829702402,151.614739090027,162.899960508162,173.953542628373,183.75193603035,191.00453915529,194.55318624809,193.655925917204,188.102414373159,178.201339038613,164.684532249057,148.56739178937,130.991522858874,113.065505056964,95.7373990905599,79.7128580755169,65.4277360818871,53.070621979663,42.6344484202494,33.980783989087,26.8993773043451,21.1560642520432,16.5246908377494,12.8049597510126,9.82886213646512,7.45973520833408,5.58751989010231,4.12287311789743,2.99190578642499,2.13224215976757,1.49051252116989,1.02095977134629,0.684693968830689,0.449276851574624,0.288293597022375,0.180834545485216,0.110845588967944,0.0663814780441674,0.0388325869358595,0.0486210943144975
1986,0.0124587624968311,0.0834489068334496,0.436434931278545,1.61699685393565,4.24580060237971,7.90375867408635,10.4354563519539,9.78237889979612,6.5476895454605,3.25463777306476,1.56186998358445,1.51067427651242,2.64814982645955,4.73379842497782,7.61999129451366,11.0264074721101,14.601086724458,18.2319750659023,22.3548264592042,27.9860046197365,36.4044189024961,48.6756649626582,65.2984411668637,86.092426743356,110.243936467444,136.380111165872,162.644937500913,186.870410059491,206.91160026184,221.094827988316,228.587376595331,229.531523553736,224.851547867231,215.856842168815,203.825387667695,189.744795110896,174.26369410201,157.798459748517,140.692324061048,123.326597169208,106.155138294331,89.6683376201332,74.3234185916696,60.4813159189336,48.3670279068599,38.0618948031273,29.5201760788314,22.6016507426889,17.10849237525,12.8193916894181,9.51597507981121,6.99973001877453,5.10059948367717,3.67893629919556,2.62339518373842,1.84678064459133,1.28144531388684,0.875080609068364,0.587257828936601,0.3867946930781,0.249756007267571,0.157951494900024,0.0977606905230382,0.0591783769878085,0.035018686863963,0.0449817671401588
1987,0.00715690162567962,0.0479370822627973,0.25071077150932,0.928900446183079,2.43914448417042,4.54117877675878,5.9987530411655,5.63590246855497,3.81808398436098,2.04103929913248,1.35054831044587,1.91873337922657,3.65794424026527,6.53235442102283,10.3571009772873,14.5927637727054,18.4667984456845,21.4027348867968,23.4504899967729,25.3620506854126,28.2229126114777,32.9234726739215,39.8672964936388,49.060569005144,60.4005396413411,73.8674784106058,89.4620939327458,106.95949549858,125.663440488208,144.331090605254,161.313717509965,174.866451139969,183.504905874222,186.303439684029,183.056892086733,174.284646729985,161.083412090896,144.88263385341,127.170751151176,109.261288908791,92.1510520190755,76.4796588422926,62.5690325434228,50.5077505377436,40.2393179819538,31.6325235357894,24.5249435257788,18.7451942503141,14.1215560978231,10.4859725407799,7.6772284703156,5.54474856834183,3.95256565377283,2.78228824921475,1.93453912079846,1.32866361883503,0.901136884039995,0.603185248681402,0.398132341386323,0.258866162384518,0.165616015047914,0.104136528635183,0.0642816050890725,0.0389131798743786,0.0230792369486527,0.0299873666327776
1988,0.00867987890044401,0.058137957143229,0.30406033946224,1.1265550387788,2.95808751875902,5.50694996321024,7.2725563682965,6.82441005277242,4.59337390388776,2.36363186457156,1.34463413693565,1.65482741909418,3.09400518837037,5.59567682405911,9.08609122221024,13.2951149525307,17.8345948020964,22.5006909578633,27.5264902911802,33.50736582231,40.9805509807487,49.9691158079156,59.868614555327,69.7756419142285,79.0087802166687,87.4550234987916,95.5336764178007,103.865674311601,112.882604850484,122.598487095544,132.598116368532,142.17670762907,150.501217789191,156.736075614045,160.129945666415,160.101182080707,156.331448741993,148.84371052148,138.0360309617,124.633828770478,109.579835581493,93.8838346020334,78.474966507746,64.0948976633537,51.2426671431178,40.1746118948965,30.9412037925437,23.4445741193265,17.4973871888782,12.8727171543667,9.3393428814524,6.68295093230023,4.71630105723638,3.28210737005766,2.25194053098205,1.52320973856026,1.0155970537637,0.66742841738706,0.432266585214798,0.27584828908836,0.173387465434447,0.107297996158653,0.0653332213564843,0.0391148231575304,0.0230077768198795,0.0297184642478682
1989,0.0122594573844432,0.0821139769099051,0.429453583003544,1.59113361419803,4.17791051770747,7.77749557677776,10.269333921262,9.62913445710059,6.45416926450278,3.23652014346166,1.62689343413859,1.69592878505033,3.03372816947968,5.42691887070822,8.71392646579241,12.5427504431193,16.4341642684547,20.1111290523374,23.8133518181068,28.3010936650767,34.4874100862279,42.9520347146757,53.6786999205957,66.1387328865778,79.5652234673943,93.1749623045919,106.219540997756,117.94328239356,127.585068223835,134.499269495575,138.331182105567,139.1385305693,137.354578666821,133.616742763595,128.546333458098,122.587976125326,115.959808771985,108.703879281455,100.787565658101,92.1998170141858,83.0131921019678,73.4033129304401,63.631107847009,54.0060642926802,44.8399738360182,36.4047592161914,28.9010197987565,22.4427574516103,17.0575009061701,12.6995207342507,9.27046145853207,6.64165631837933,4.67419914638275,3.23395321064327,2.20102730564371,1.47425015621087,0.972041127053438,0.630979135899729,0.403235141683247,0.253673898556117,0.157073424156504,0.0957086575396198,0.0573741324905492,0.0338276472659585,0.0196095378599657,0.0247015796931476
1990,0.0117852795652103,0.0789380248405519,0.412845043016661,1.52961374126322,4.01648420224114,7.47763409904791,9.87661102388546,9.27451130990352,6.26606541632766,3.29711281771278,2.05531051433747,2.76956550670648,5.23340871276753,9.35451140021811,14.8742672820334,21.0566709989917,26.8497576190527,31.4837493617499,35.0592455445204,38.6179260349212,43.5764617567427,50.9433770012154,60.8991823101987,72.95317487365,86.4156950235269,100.759395106786,115.637929148106,130.657034233755,145.138597372921,158.078625235534,168.316661582379,174.820475319124,176.929570391018,174.480250657657,167.79744256889,157.597417088249,144.839540518019,130.564948088563,115.747740402639,101.180040381001,87.4136183198732,74.7594753560862,63.3332824409758,53.1259618411895,44.0699124889127,36.0872420697075,29.1119112070275,23.0924297720296,17.9825864808791,13.7306169007178,10.2713505636733,7.52438327023998,5.39713047269804,3.79099836215496,2.60840597295018,1.75878262194509,1.16272514841232,0.754031465394527,0.479901264078609,0.299876557259787,0.184036199295234,0.110951042865246,0.0657179723073852,0.0382453777820749,0.0218673091442031,0.0267257937969401
1991,0.0104047044630759,0.0696908461332757,0.364481402214554,1.35041438068157,3.54587168978246,6.60107581609785,8.71683784391451,8.17698456431807,5.4938583322969,2.79593173339429,1.5117842866397,1.74755888470912,3.21549970341066,5.78927091488109,9.35336683936337,13.5833950552951,18.0201751246706,22.3942751283912,26.9124375005329,32.2093212097829,38.930419059852,47.2506243891037,56.7111447951545,66.4857762100311,75.8458872621791,84.4791556268685,92.4714128041383,100.038901340197,107.229485120012,113.78917049255,119.226104417082,122.992009178533,124.645823156774,123.938843828078,120.821602738721,115.41939697962,108.005711525148,98.9791606886502,88.8351765192438,78.117350242308,67.3592219302847,57.0257902566581,47.4706199053132,38.9188074100858,31.4724931517747,25.1343414642268,19.8375474727603,15.4761948982742,11.9292758579991,9.07693525986391,6.80912241240447,5.02862167808783,3.65084051805557,2.60232885227352,1.81925617528216,1.24633077135258,0.836256742285524,0.549384137750293,0.353336101804635,0.222480535152126,0.137168488460895,0.0828266492732062,0.0489949181908391,0.0283996115965171,0.0161345967201942,0.0193079813058008
1992,0.00755832105299994,0.0506257941138733,0.26477266834608,0.981000205638032,2.57594637916305,4.79585324594303,6.33506094362236,5.95141439986801,4.03023060799808,2.1497418487667,1.41213441015625,1.99750400836753,3.81722457192752,6.85361504853395,10.9629380425974,15.6716800815194,20.3057564196781,24.4232387051902,28.2255923369878,32.5803650137197,38.5754403919173,46.9204276877505,57.6251910208663,70.1120419664888,83.5674781820352,97.223920825724,110.411846624076,122.466238754126,132.65898320428,140.27155197431,144.765300897274,145.942036016895,143.975218426679,139.312034135702,132.509851367555,124.100963603791,114.530605308383,104.162991619967,93.3192360328596,82.3066284193886,71.4273578469394,60.9668684966457,51.1727730757913,42.2378132895409,34.2892917518357,27.3877066873887,21.5322679380991,16.6720067667255,12.7195280437975,9.56567059582733,7.09278307530234,5.18510285890658,3.73592531896739,2.65144363261245,1.85208398228661,1.27210803507238,0.858302016879516,0.568314263199332,0.368963973555257,0.23469184409719,0.146172983828443,0.0891025034810539,0.0531410293849505,0.0310030785437455,0.0176920068389319,0.0211619010604973
1993,0.00475391126505942,0.0318418163792363,0.166532877013777,0.617018399108735,1.62021207886315,3.01661669042003,3.98545149236178,3.74692976728746,2.54776824227906,1.39153828726901,0.994432431455231,1.50974797189104,2.9386422058253,5.33491842046016,8.66871511790385,12.6979456066919,17.0728593244515,21.6406858556912,26.701784906544,32.9528438583949,41.0918014536809,51.3691389596381,63.4370263285211,76.5909207052512,90.1796435426432,103.861030626717,117.536503351041,131.070492348198,144.022056428545,155.582407236936,164.73312238262,170.525382378205,172.319219343355,169.906230205812,163.506286622141,153.688320752412,141.254254969766,127.115770452452,112.178267331329,97.2412834762944,82.9338825968941,69.6893822596055,57.7564280429365,47.2365880445382,38.1284064840971,30.3674232971666,23.8540258185177,18.4709337236526,14.0923390086567,10.5896106287,7.83540251825165,5.70749564473353,4.09233393904425,2.88783864123356,2.00524390169108,1.36972600398719,0.920043329429848,0.607413491583502,0.393922807124029,0.25079142218784,0.156638288780532,0.0959122051768957,0.0575388480349184,0.0337991747621232,0.0194305375286746,0.0235804883817058
1994,0.00570166818954437,0.0381898418225196,0.199731839534744,0.740011543918011,1.94309088701849,3.61726699216141,4.77648982911139,4.47993260202325,3.0072694167135,1.52233896325695,0.803267053971913,0.902001054095592,1.65776750858558,3.01230284566309,4.9436498206313,7.36119991441304,10.1519466047846,13.3499169890146,17.2760966397741,22.4964753119727,29.5836028904684,38.8410536242369,50.1866681533817,63.2474962348366,77.5455059717472,92.6085430430983,107.935810693832,122.897634879356,136.693019552964,148.439717879442,157.347799846554,162.887383989587,164.850268265972,163.308925640236,158.521764209227,150.856696178445,140.758229164473,128.745247485137,115.410489261179,101.39143969073,87.3201461503033,73.7625579726501,61.1676784048648,49.842157191952,39.9485672451985,31.5247524146513,24.5129572853007,18.7925341732554,14.2087844294922,10.5957174862891,7.79152130738748,5.64766343832735,4.0332552625717,2.83625720180834,1.96292205287266,1.33630014992581,0.894424003279861,0.588347897900545,0.380185790777457,0.241243065756326,0.150256604914195,0.0918218300084633,0.0550296910049926,0.0323284748848621,0.0186081492409751,0.0227338533053532
1995,0.00597028241271974,0.039989048491295,0.209142048264608,0.774880442599526,2.0346758980602,3.78792600435347,5.00265361272459,4.69549497610173,3.16443892216056,1.64050875165526,0.96265238303471,1.22163195134935,2.28465437644197,4.09172364456233,6.53939247478861,9.34078349441165,12.0985560209731,14.5723024668087,16.9415572102975,19.8408561993724,24.1118535507943,30.4506576454469,39.1973973057819,50.3576010866536,63.7448972638678,79.0740017457258,95.9261601819027,113.651242357754,131.318157359969,147.787579470795,161.879463234286,172.571970685453,179.144646076627,181.245403808836,178.887660423364,172.411045367142,162.417563182901,149.691119258946,135.106205278374,119.531713987136,103.752615957135,88.4182297011784,74.019482422536,60.8932465372435,49.2389441401996,39.1413750427225,30.5929448019841,23.5155224600379,17.7806104259935,13.2287894810865,9.68708677228092,6.98323547940897,4.9563111826286,3.46331134911424,2.38228191496086,1.61268077541531,1.07399341778891,0.703346148875936,0.452741670615573,0.286313912461985,0.17780618189364,0.108385479116894,0.0648238592083209,0.0380248753181982,0.0218678620237138,0.0267649150097177
1996,0.00563855671942695,0.0377671249188203,0.197521101929999,0.731821262729499,1.92158920741164,3.57726298270186,4.72378212425387,4.43098275450018,2.97613127088776,1.51171572173554,0.809777432913677,0.923870364009278,1.69176667231459,3.03631252305706,4.88391003776125,7.04515210387183,9.25477447204597,11.3505032082576,13.4393641356882,15.8926017209511,19.1444948049486,23.4462722124341,28.7695904830352,34.9178391462564,41.7318595319302,49.219795864194,57.5189014159892,66.7346572623923,76.7685232001218,87.2375579832619,97.5086025819156,106.817121694851,114.403689448624,119.630304368286,122.058025627214,121.491913247487,117.993141608808,111.858695225089,103.57379664165,93.7389855716818,82.9932151354363,71.9434956305222,61.111701311454,50.9060785129275,41.6112809050118,33.3954392338681,26.3260400242706,20.3914706937306,15.5229244848007,11.6150717941769,8.54331844511695,6.17732587809298,4.39080578525977,3.06795332151802,2.10717241438536,1.42257314829899,0.943923961351405,0.61551368207201,0.394369999156768,0.248224808374906,0.153444710687211,0.0931312799698065,0.0554799564619453,0.0324285086413466,0.0185915906786922,0.0226534512947096
1997,0.00370612853538602,0.0248237342425106,0.129828131649955,0.48102290001534,1.26309561158737,2.35165735890716,3.10664698872443,2.91951017237117,1.98069453877355,1.0677626987877,0.728615018405295,1.06356157951887,2.04340443542233,3.66885327313282,5.86393104532006,8.37055762792641,10.818954802513,12.9591842675443,14.8815129180579,17.0301980613677,19.9691180873397,24.0694864823187,29.3504790856318,35.5552089586862,42.3538781832905,49.5013158622327,56.8558034946499,64.2996857980586,71.6559993931831,78.6732625935282,85.0709448761318,90.6022121648112,95.077292632458,98.345614761415,100.261138455083,100.669757234779,99.4321377851144,96.4701129326369,91.814605157246,85.6277161525636,78.1958357490673,69.8959506995294,61.1462230950803,52.3576818590845,43.892357709949,36.0364077945801,28.9869816047199,22.8530738342294,17.6655849214511,13.3936001787279,9.96260805900206,7.27190078689962,5.20939431199287,3.66294037229996,2.52810311201673,1.71270075483001,1.1388754860611,0.743286455126907,0.476086832281577,0.299244818967288,0.184557181935831,0.111671443423966,0.0662820518196362,0.0385851184752727,0.0220257386944148,0.0265901090112347
1998,0.00572429601134945,0.0383414087438154,0.200524617612515,0.7429496289548,1.95081153174711,3.63167494121145,4.79568979668334,4.49868013489466,3.02253990786073,1.53840972789166,0.83280139072425,0.965992373880358,1.78491926273719,3.23247856515081,5.27022911572676,7.76351087336696,10.5255963975647,13.4931032553285,16.8715229728583,21.0898062936689,26.5527626777104,33.3688194622179,41.2689056853812,49.7717953489357,58.4531275071165,67.1142886425957,75.7454416646699,84.349536157456,92.7701361996643,100.643860874192,107.483755207501,112.829073097978,116.361468244286,117.947997323272,117.615936576201,115.5008240909,111.796628296212,106.721926709429,100.501789254409,93.3573353996202,85.5040689511445,77.1554872214821,68.5274340516088,59.8425081945359,51.3256601854169,43.1938311239104,35.6394537079821,28.8146926366833,22.8195595743484,17.6980004472275,13.4411534883419,9.99674232312202,7.28166585160908,5.19525801755172,3.63117583059668,2.48660819633073,1.66854241738803,1.09718261864799,0.707068408470124,0.446587461988141,0.276456920307945,0.167736032832815,0.0997470619913895,0.0581351730400042,0.0332066899388286,0.0401003278873093
1999,0.00675502569346623,0.0452452614249763,0.236631781139021,0.876729475669845,2.30209860748966,4.28571308657139,5.65972593332022,5.31075200005878,3.57372566628769,1.836056141621,1.0360613958566,1.25899368487382,2.33417198154607,4.18095169738664,6.69167421591813,9.57988769049382,12.4482566550082,15.0541260338535,17.5665231664595,20.586844323763,24.8808390591433,31.0097362857501,39.1187966732838,48.9784216738317,60.1646413846552,72.2006175558451,84.5734161170714,96.6843038157881,107.83567727843,117.314935328739,124.534483951125,129.155900295768,131.120766840416,130.594661963474,127.867258499373,123.269389196611,117.131044230616,109.773946683069,101.51763467268,92.6755090945283,83.5430783511367,74.3816602662343,65.406469168745,56.7861977348454,48.6482040047916,41.0884049765415,34.1781149541708,27.9683904809264,22.4901742276407,17.7530893444083,13.7440217947199,10.4275349209383,7.74844588453905,5.63658229674752,4.01281493500345,2.79528490907263,1.90501569639541,1.27013494012986,0.82847501108629,0.528691440168043,0.330095874177199,0.201657132046787,0.120543233448871,0.0705090604546538,0.0403580021431841,0.0486532226243344
2000,0.0115319200199112,0.077240901766495,0.403967176161391,1.49670245479931,3.92993275924021,7.31571447379112,9.65884700792521,9.05349932883769,6.05663629279245,3.00051962232389,1.41365992304449,1.32290652377519,2.29374294449133,4.08732380883234,6.55159319992297,9.40392686552798,12.258843966018,14.8668304648695,17.3457990210039,20.1835892959871,23.9717250215156,29.0678279962871,35.4460172720779,42.8184947830027,50.8881382698282,59.5175635708897,68.6999616708615,78.389157147736,88.3258735708683,97.9808815436308,106.63313253077,113.534206829912,118.069281758399,119.86545867605,118.83030841636,115.137882473736,109.176444831851,101.474146019538,92.6165132013011,83.1667105222915,73.6071521719665,64.3080566075782,55.5225223841185,47.4030284574847,40.0256853142397,33.4154538116571,27.5653608810245,22.4498864807291,18.0324067482126,14.2691456536599,11.1109078091326,8.5039194320218,6.39063758906793,4.71089017710544,3.40349074863853,2.40819728634532,1.66780124833706,1.12999139774402,0.748726884856451,0.485035397503848,0.30714627297344,0.190101463621816,0.114991264240556,0.0679784442463086,0.0392738143654287,0.048025879483006
2001,0.00166077345934324,0.0111240009068613,0.0581802224632781,0.215578139328219,0.566192993793982,1.05483842010021,1.39691449149239,1.32728461013251,0.953241669583476,0.676817311386982,0.851466461706384,1.69524447750937,3.39897782020021,6.09248733478612,9.65074295565513,13.5690818147779,17.1077662315523,19.6983920073435,21.3431791644279,22.6786353099213,24.6186074383386,27.842140813887,32.5022381497429,38.3031330756186,44.7940683279662,51.6187527802078,58.5729041584322,65.5122087128368,72.2360619008194,78.4494107086457,83.8081969083191,88.0020458008689,90.806663282165,92.0914604709328,91.7980534227347,89.9243281945457,86.5276012581317,81.7398558088583,75.7796681416116,68.9420752048149,61.5702288739527,54.0146238413937,46.5925792155878,39.5603280933159,33.0987630641892,27.3142328124268,22.2485656203179,17.894668000905,14.2124919270261,11.1431195359852,8.61919942655821,6.57179400316198,4.93432296944081,3.64449758118135,2.64517301684863,1.88467908120942,1.3169923074491,0.901846510526345,0.604741582144565,0.396852852938228,0.25473655379303,0.159872962698698,0.0980708010104015,0.0587866305742806,0.0344280616967417,0.0432344525185199
2002,0.00625255546782041,0.0418796431211737,0.219028600797741,0.811498961278264,2.13074469736286,3.96627998167653,5.23573902523471,4.90383849863869,3.26697993275442,1.57639852538413,0.635247907517026,0.421014492962387,0.666554462480696,1.25805922981985,2.23369875819372,3.70362149569109,5.83597559742144,8.87218357809159,13.0932869359472,18.6952698502656,25.6156858551126,33.4323187562613,41.4431080047961,48.920613680353,55.4012375520531,60.8347690323235,65.5033791024622,69.7812621995162,73.8861326731591,77.7643262580681,81.1363527125171,83.6421746468315,84.9795555039915,84.9790588900728,83.6089846325739,80.944824191941,77.1327781841136,72.3625530625362,66.8497833622255,60.8206243040817,54.4989442573702,48.0952645798774,41.7977154483349,35.7673897552843,30.1343826637298,24.9957001659329,20.4137342687119,16.4171740866224,13.0039715635278,10.1468734739833,7.80028933281881,5.90741005045899,4.40661341989244,3.23646495777778,2.33917299918378,1.66260627179987,1.16124524659128,0.796380346054953,0.535831375362226,0.353436707699324,0.228379825845234,0.14447138710173,0.0894194529442029,0.0541241343613286,0.0320238087385592,0.0411261311705034
2003,0.00740365590985664,0.0495898016106806,0.259353711450348,0.96091575979193,2.52315824945399,4.69727917925903,6.20338555809561,5.82148920467092,3.91952375174134,2.01995274558004,1.15409306785672,1.41742347477514,2.61739363365118,4.63908819756936,7.29888788387637,10.1657519643757,12.6451543588864,14.3142686781024,15.2794444012079,16.2817165983144,18.4515395996819,22.8762145564668,30.2441398788307,40.697138994669,53.8437097295667,68.8305660407941,84.4370498985738,99.2306616959129,111.809229294153,121.085103119217,126.499949697637,128.09079904148,126.371144628565,122.10249250461,116.056796293965,108.861497870007,100.952985051476,92.6122174106433,84.0334163487094,75.3790732417888,66.8081593307906,58.4782637819954,50.5345214738088,43.0994735836593,36.2659034337118,30.0958332108033,24.6217048751921,19.8496650608759,15.7628624825844,12.3254653181786,9.48670710963917,7.18534690267615,5.35412971902413,3.92402694421281,2.82791317099535,2.00338850082104,1.39470464624225,0.953774831164256,0.64040828300872,0.421984600960658,0.272727986442405,0.172787017750959,0.107249465630972,0.0651842487096083,0.038772643455908,0.0505718000292089
2004,0.00218863580524478,0.0146595741297979,0.0766702650296045,0.284075603508171,0.745988387342512,1.38917763031915,1.83656607522933,1.73187150147808,1.19657037697382,0.711949359818651,0.646466308213844,1.13264455933565,2.24339891681718,4.04751079492473,6.49238497324647,9.31349697852103,12.1177782806852,14.6257406982609,16.8910052655369,19.2935618038382,22.2785868164361,26.0472417150821,30.4613705629043,35.2355077121613,40.251318319043,45.7456875079602,52.2299854191655,60.1961357490189,69.7795051297188,80.5604941810436,91.585346467429,101.584110535612,109.28379942342,113.70559688674,114.359782045304,111.304396711494,105.069681174137,96.4920390494136,86.5152955091856,76.0139067994195,65.6793412751833,55.9777210164707,47.1656108581853,39.3405799393034,32.4985871507526,26.5828146784308,21.5155146929218,17.2153515149372,13.603779677178,10.606272616321,8.15156592772912,6.170953596076,4.59828961670583,3.37063526615349,2.42925080155951,1.72059554448932,1.1971679216265,0.817979448146952,0.548642138387294,0.361118533866267,0.233173014280229,0.147646439682277,0.0916488295504865,0.0557478349835817,0.0332167581930019,0.0436930513932243
2005,0.00652115806130813,0.0436787581088517,0.228438108829168,0.846363175791229,2.22230230782691,4.13679871292988,5.46127421058556,5.11693571862494,3.41569072225885,1.6691851656796,0.728076380539835,0.588388854546786,0.990433723217354,1.81578427481235,3.06133207716417,4.74209580816094,6.89537280625894,9.65452161187851,13.288348345528,18.1221261817955,24.3531824045972,31.8825779908751,40.2958675474534,49.0163735109303,57.5236494967042,65.4950651131949,72.8001040541135,79.4037459046385,85.278336415304,90.3931095208732,94.7535917874436,98.4285803874157,101.500492827349,103.964994359883,105.643864437544,106.181753598999,105.142178612396,102.158548047854,97.0782666144482,90.0320743498673,81.4182791949811,71.8135645555728,61.8508891694407,52.1089606984922,43.0358487739672,34.9191612978053,27.8934066186017,21.9718935223433,17.0866090479702,13.1253114467771,9.95946351425659,7.46193112250351,5.5162323140294,4.02001235276165,2.8853934703554,2.03793215719997,1.41524182387157,0.965653232503235,0.646984874105544,0.425424488702034,0.274416740952223,0.173574010638306,0.107619272636231,0.0653859064433045,0.0389162167004415,0.0511225186736736
2006,0.00868617687076468,0.0581801475065285,0.304281070637057,1.12737354742595,2.96024167827551,5.51098905966754,7.27803013191097,6.83011404825209,4.59913732305776,2.37190498531148,1.35981306112369,1.67782201756908,3.10543068243264,5.5167788152948,8.70991015522901,12.1969790498721,15.2992412531779,17.5299348737816,18.9943702749221,20.4901544792125,23.2063708125527,28.2339085121026,36.2090024546149,47.2323719951278,60.9698220849235,76.763893397188,93.6817741645161,110.554199971035,126.08631195798,139.061769280699,148.567280042344,154.154598923753,155.864339462909,154.128381450182,149.602610340331,143.001708937728,134.97406721256,126.032633779977,116.534092726281,106.696199483719,96.6417604926003,86.4565109118879,76.2397968918063,66.1375701433557,56.3450813536631,47.0848711159384,38.5702272733116,30.9700675967576,24.3851295444607,18.8414401664473,14.2985711960212,10.6670300690322,7.82874148665358,5.65540009330888,4.02220746112107,2.81631422486844,1.94086125825679,1.3158566842857,0.877149252487884,0.574538772390134,0.369550854673596,0.233279876113762,0.144440888085513,0.0876798177283505,0.0521572722769462,0.0685142386858338
2007,0.0116793759403904,0.0782285398109862,0.409132101493044,1.51583488783747,3.98014276015357,7.40902510531427,9.78126210536677,9.16492467504869,6.11907613546278,2.9934996489993,1.31134246235076,1.05938580378015,1.74849829632377,3.10116454206002,4.97143423015037,7.13832932829109,9.30376203993857,11.2622369785244,13.066525922629,15.0211762988943,17.4793865922296,20.600220740468,24.2668895138398,28.2247616584776,32.3177666946868,36.6387576445957,41.4884227082834,47.1831591039144,53.8320139949698,61.2062884805768,68.7492529143608,75.7056197121317,81.3014461058376,84.9116107603444,86.1714139439575,85.0201917126197,81.6776768238646,76.5701415249498,70.2317750656684,63.2037286264189,55.9579191402107,48.8537851417889,42.1289876268024,35.9169825717235,30.2754348171707,25.2167991356171,20.7310317267165,16.7996233033431,13.400739074818,10.5094101121015,8.09518905445281,6.12049746508028,4.5404390551938,3.30453466032489,2.35970276380751,1.65355976406057,1.13735347767304,0.768016643853979,0.509207378475708,0.331492509126134,0.211866550172342,0.132912552230676,0.0818184097960074,0.0494032484762232,0.0292481940194997,0.0380939729021027
2008,0.0064716546608114,0.0433473137948238,0.226706798338429,0.839968821532691,2.20565841998866,4.10667865881175,5.42579743764302,5.10186021499628,3.47174117557049,1.90352891862636,1.37387822975008,2.08705801820204,4.01771801970139,7.15764667546178,11.2852784004556,15.7506857450048,19.614935103107,22.1298696271976,23.2258561845418,23.6100736588563,24.3633009646176,26.3352986880375,29.7764149917451,34.3883254106097,39.6381377159479,45.0528080919142,50.3292534384121,55.2917586061892,59.8117247224864,63.7785931144074,67.1200408249424,69.8279102694784,71.9379099307986,73.4707790253838,74.3711651391913,74.4898987415187,73.6235977394747,71.5907996038305,68.3106318310762,63.8457677795529,58.4016121823311,52.2861330705016,45.849392627309,39.4258965270231,33.2915753942698,27.6432309356793,22.59664079652,18.1987512518478,14.4455252805898,11.3000427118673,8.70729265139397,6.60434461891468,4.92660707519587,3.61125839327915,2.59905230304459,1.83537113866522,1.27104223416205,0.862909834053218,0.574165749591382,0.374385680507367,0.239212836383231,0.149767583751306,0.0918767190096715,0.0552235929587008,0.0325187302017994,0.0417996562999134
2009,0.00305646498972627,0.0204722552588679,0.107069613623655,0.396698227341388,1.04165209444679,1.93925528257007,2.5612792736094,2.4046042068247,1.62272432946526,0.84832752416483,0.516529645205401,0.68493221298071,1.30505841883502,2.37716477947709,3.8941603124515,5.77305964555591,7.89029893128793,10.2002044912936,12.8225680172392,15.9875913663824,19.8408708412675,24.2518169940731,28.7921689551585,32.9206548048811,36.2487977653125,38.7096689169754,40.5291390392911,42.0469263273967,43.5114102767077,44.9685347251236,46.2777795116339,47.2146941592686,47.5809763194294,47.2714767304318,46.2847632078007,44.6970697869594,42.6233321150793,40.1835440496729,37.4813895720258,34.5956279355625,31.5826828385191,28.4864560975179,25.3494183948686,22.2216513737565,19.1630566586224,16.2395394046682,13.5149526583861,11.0424438497975,8.85793519627075,6.97759555462074,5.39888084773784,4.10418913285424,3.06568541403931,2.25001563540638,1.62222498661417,1.14856012003842,0.798212902871414,0.544239752449785,0.363871040073686,0.23844335854729,0.153081576222185,0.096251427204778,0.059253951429539,0.0357075335024037,0.0210602306962455,0.0270590055204193
2010,0.00278782274686007,0.0186728928577017,0.0976591034250141,0.361833053472654,0.950111871490687,1.76888651631763,2.33652547679403,2.19470337380823,1.48507255553253,0.788675650756228,0.51014071396074,0.713724296107139,1.36693616940613,2.47174430651934,4.00076244972195,5.83078443283023,7.79411909851533,9.83370280703181,12.1433107063036,15.1616503685364,19.3937357948328,25.1748755571847,32.5321165932874,41.199093471267,50.7163962100279,60.5163063741481,69.951485421094,78.3152172905882,84.9136757450087,89.2042469506519,90.9361740812762,90.2212871535234,87.4786663555242,83.287093456946,78.2147754149448,72.701868745424,67.0249378975393,61.3279345143737,55.6818590951263,50.1339537891446,44.7339485403964,39.5373675831011,34.5976468790913,29.9591647134581,25.6536731925457,21.7022903026857,18.1181774782587,14.909254800752,12.0785638737386,9.62338998624503,7.53362493100408,5.7908352136959,4.36838245157872,3.2329061706352,2.34672054528168,1.67053658827846,1.16605304986786,0.797973111471193,0.535286444429438,0.3519003410263,0.226661809140729,0.143000751849676,0.0883423855770898,0.0534246739067752,0.0316177356043202,0.0408601509842234
2011,0.00158683452896045,0.0106286553735647,0.055587895212691,0.205957555845694,0.540816261338898,1.00691422582244,1.3302370456737,1.25035387104111,0.84920533312146,0.460765263338345,0.322029389562789,0.480781493668463,0.933232021499452,1.69425590818728,2.75485908041546,4.04195178677164,5.45447554499026,6.96605541835423,8.71520083380614,10.9977520226394,14.1500989991058,18.4082429836424,23.8487486691584,30.4386524982084,38.1250962366977,46.8695621419916,56.585086528112,67.0215053283674,77.6798518640635,87.8224631549568,96.5804688709881,103.122316303223,106.81647907193,107.346225207156,104.752510271689,99.4089047106378,91.9370747863492,83.0870951069193,73.6098085783117,64.1491368497428,55.1780829911594,46.9830575929102,39.6875188216829,33.298525401398,27.7558474805375,22.971960742253,18.8569684039208,15.3307352183986,12.3256637213452,9.7849529369647,7.65930810069238,5.90384102935508,4.4759542361711,3.33426026891592,2.43837580948823,1.74935436227796,1.23049780292131,0.84823046518474,0.572825517269957,0.378867817794097,0.245365751660809,0.155567077308904,0.0965435605158254,0.058634934272176,0.0348450101923883,0.0454279261074704
